MEGA_NM,MEGA_CD,CTY_NM,CTY_CD,X_AXIS,Y_AXIS,NM,배포처
경기도,41,수원시 영통구,41117,204519,417090,삼성전자(주),biz-gis.com
서울특별시,11,종로구,11110,198200,451926,에스케이이노베이션(주),biz-gis.com
서울특별시,11,강남구,11680,205529,445573,한국전력공사,biz-gis.com
서울특별시,11,강남구,11680,203229,444415,지에스칼텍스(주),biz-gis.com
경상북도,47,포항시 남구,47111,414772,280173,(주)포스코,biz-gis.com
서울특별시,11,영등포구,11560,193675,447291,엘지전자(주),biz-gis.com
서울특별시,11,중구,11140,198301,450781,(주)우리은행,biz-gis.com
서울특별시,11,중구,11140,197722,451029,삼성생명보험(주),biz-gis.com
서울특별시,11,용산구,11170,196703,446840,엘지디스플레이(주),biz-gis.com
경기도,41,수원시 장안구,41111,201556,421177,에스케이네트웍스(주),biz-gis.com
서울특별시,11,중구,11140,197703,450977,(주)신한은행,biz-gis.com
경기도,41,성남시 분당구,41135,210314,428113,한국가스공사,biz-gis.com
서울특별시,11,중구,11140,198403,451374,(주)국민은행,biz-gis.com
경기도,41,성남시 분당구,41135,210088,428525,(주)케이티,biz-gis.com
서울특별시,11,종로구,11110,198376,452083,(주)한국스탠다드차타드제일은행,biz-gis.com
서울특별시,11,중구,11140,198746,451579,(주)중소기업은행,biz-gis.com
서울특별시,11,중구,11140,198343,451570,(주)하나은행,biz-gis.com
서울특별시,11,영등포구,11560,193675,447291,(주)엘지화학,biz-gis.com
서울특별시,11,중구,11140,197623,450540,(주)대우인터내셔널,biz-gis.com
서울특별시,11,강남구,11680,203266,444376,현대모비스(주),biz-gis.com
서울특별시,11,중구,11140,198248,451382,롯데쇼핑(주),biz-gis.com
충청남도,44,서산시,44210,146658,389057,현대오일뱅크(주),biz-gis.com
서울특별시,11,중구,11140,198256,451577,삼성화재해상보험(주),biz-gis.com
서울특별시,11,서초구,11650,202210,443839,삼성중공업(주),biz-gis.com
서울특별시,11,서초구,11650,202237,443757,삼성물산(주),biz-gis.com
인천광역시,28,부평구,28237,174473,445257,한국지엠(주),biz-gis.com
서울특별시,11,중구,11140,198615,451577,에스케이텔레콤(주),biz-gis.com
서울특별시,11,종로구,11110,197993,452036,교보생명보험(주),biz-gis.com
서울특별시,11,중구,11140,198612,451466,(주)한국외환은행,biz-gis.com
서울특별시,11,영등포구,11560,194616,446392,대한생명보험(주),biz-gis.com
서울특별시,11,중구,11140,198369,451790,대우조선해양(주),biz-gis.com
서울특별시,11,중구,11140,198181,451809,(주)한국씨티은행,biz-gis.com
경기도,41,이천시,41500,243115,416791,(주)하이닉스반도체,biz-gis.com
서울특별시,11,강서구,11500,183316,449523,(주)대한항공,biz-gis.com
충청남도,44,아산시,44200,205765,368135,에스엘시디(주),biz-gis.com
서울특별시,11,중구,11140,198268,450962,(주)신세계,biz-gis.com
인천광역시,28,동구,28140,168163,442617,현대제철(주),biz-gis.com
서울특별시,11,종로구,11110,198825,452890,현대건설(주),biz-gis.com
서울특별시,11,영등포구,11560,193341,446813,(주)한진해운,biz-gis.com
서울특별시,11,중구,11140,197792,450172,(주)엘지유플러스,biz-gis.com
서울특별시,11,마포구,11440,195667,449267,(주)효성,biz-gis.com
서울특별시,11,종로구,11110,199977,452527,현대상선(주),biz-gis.com
서울특별시,11,중구,11140,197673,450450,지에스건설(주),biz-gis.com
서울특별시,11,종로구,11110,197814,452073,현대해상화재보험(주),biz-gis.com
울산광역시,31,울주군,31710,413074,217527,엘에스니꼬동제련(주),biz-gis.com
서울특별시,11,동작구,11590,193140,443179,호남석유화학(주),biz-gis.com
서울특별시,11,강남구,11680,202606,444110,엘아이지손해보험(주),biz-gis.com
서울특별시,11,강남구,11680,204744,444843,동부화재해상보험(주),biz-gis.com
서울특별시,11,종로구,11110,197542,452040,(주)대우건설,biz-gis.com
서울특별시,11,중구,11140,197622,450926,여천엔씨씨(주),biz-gis.com
경상북도,47,포항시 남구,47111,413974,279816,(주)포스코건설,biz-gis.com
서울특별시,11,종로구,11110,198090,452357,대림산업(주),biz-gis.com
경상남도,48,창원시 성산구,48123,346211,187604,두산중공업(주),biz-gis.com
서울특별시,11,영등포구,11560,193675,447291,(주)엘지상사,biz-gis.com
울산광역시,31,북구,31200,416752,228201,현대하이스코(주),biz-gis.com
서울특별시,11,강남구,11680,202544,443681,현대글로비스(주),biz-gis.com
경상북도,47,경주시,47130,399993,262805,한국수력원자력(주),biz-gis.com
서울특별시,11,중구,11140,197699,450178,에스티엑스팬오션(주),biz-gis.com
충청남도,44,서산시,44210,142438,389396,삼성토탈(주),biz-gis.com
경상북도,47,구미시,47190,327269,289930,삼성코닝정밀소재(주),biz-gis.com
서울특별시,11,종로구,11110,198204,452346,코리안리재보험(주),biz-gis.com
서울특별시,11,영등포구,11560,193155,446891,우리투자증권(주),biz-gis.com
서울특별시,11,강남구,11680,205132,445580,(주)이원,biz-gis.com
서울특별시,11,중구,11140,198512,451645,동국제강(주),biz-gis.com
서울특별시,11,중구,11140,198748,451681,(주)한화,biz-gis.com
부산광역시,26,강서구,26440,371054,178907,르노삼성자동차(주),biz-gis.com
서울특별시,11,강남구,11680,205529,445573,한국남부발전(주),biz-gis.com
서울특별시,11,강서구,11500,182109,449256,아시아나항공(주),biz-gis.com
경상북도,47,구미시,47190,322972,288680,제일모직(주),biz-gis.com
서울특별시,11,종로구,11110,198200,451926,에스케이가스(주),biz-gis.com
서울특별시,11,영등포구,11560,193018,446708,하나대투증권(주),biz-gis.com
서울특별시,11,강남구,11680,204619,442942,삼성엔지니어링(주),biz-gis.com
서울특별시,11,강남구,11680,205529,445573,한국중부발전(주),biz-gis.com
서울특별시,11,종로구,11110,198554,452317,에스케이건설(주),biz-gis.com
서울특별시,11,영등포구,11560,193712,446673,대우증권(주),biz-gis.com
서울특별시,11,강남구,11680,203168,444180,한국서부발전(주),biz-gis.com
경기도,41,용인시 기흥구,41463,207013,414252,삼성모바일디스플레이(주),biz-gis.com
서울특별시,11,강남구,11680,205529,445573,한국동서발전(주),biz-gis.com
경상남도,48,창원시 성산구,48123,353648,190695,현대위아(주),biz-gis.com
인천광역시,28,동구,28140,167044,442958,두산인프라코어(주),biz-gis.com
전라남도,46,영암군,46830,142549,138219,현대삼호중공업(주),biz-gis.com
서울특별시,11,강남구,11680,205529,445573,한국남동발전(주),biz-gis.com
서울특별시,11,강남구,11680,202476,443917,메리츠화재해상보험(주),biz-gis.com
서울특별시,11,중구,11140,198342,451077,신한카드(주),biz-gis.com
경기도,41,용인시 기흥구,41463,209910,415052,삼성에스디아이(주),biz-gis.com
서울특별시,11,중구,11140,200198,451256,씨제이제일제당(주),biz-gis.com
경상남도,48,창원시 진해구,48129,356264,180170,에스티엑스조선해양(주),biz-gis.com
서울특별시,11,종로구,11110,197558,451938,금호석유화학(주),biz-gis.com
경기도,41,안양시 동안구,41173,195260,430043,엘에스전선(주),biz-gis.com
울산광역시,31,동구,31170,417960,225034,(주)현대미포조선,biz-gis.com
서울특별시,11,중구,11140,197621,450356,엘지이노텍(주),biz-gis.com
서울특별시,11,서초구,11650,201295,446179,롯데건설(주),biz-gis.com
서울특별시,11,강남구,11680,204744,444843,동부제철(주),biz-gis.com
서울특별시,11,종로구,11110,198825,452890,현대종합상사(주),biz-gis.com
경기도,41,수원시 영통구,41117,204740,417845,삼성전기(주),biz-gis.com
서울특별시,11,중구,11140,198748,451681,한화케미칼(주),biz-gis.com
서울특별시,11,강남구,11680,203983,444560,삼성에스디에스(주),biz-gis.com
서울특별시,11,중구,11140,197504,450942,아이엔지생명보험(주),biz-gis.com
서울특별시,11,종로구,11110,197408,451919,(주)서브원,biz-gis.com
서울특별시,11,영등포구,11560,193060,446654,한국투자증권(주),biz-gis.com
서울특별시,11,영등포구,11560,190120,446513,(주)지에스리테일,biz-gis.com
서울특별시,11,중구,11140,198430,451781,신한생명보험(주),biz-gis.com
서울특별시,11,중구,11140,197622,450926,(주)대림코퍼레이션,biz-gis.com
서울특별시,11,강남구,11680,202875,444206,한국타이어(주),biz-gis.com
서울특별시,11,중구,11140,198711,451488,동양생명보험(주),biz-gis.com
서울특별시,11,영등포구,11560,193551,446289,알리안츠생명보험(주),biz-gis.com
서울특별시,11,중구,11140,197758,451122,삼성카드(주),biz-gis.com
서울특별시,11,영등포구,11560,193644,446559,대신증권(주),biz-gis.com
경상남도,48,창원시 성산구,48123,352825,192957,(주)에스티엑스,biz-gis.com
경기도,41,과천시,41290,199110,435925,코오롱인더스트리(주),biz-gis.com
서울특별시,11,서초구,11650,201186,442533,비씨카드(주),biz-gis.com
서울특별시,11,강남구,11680,201882,445370,고려아연(주),biz-gis.com
경상남도,48,창원시 성산구,48123,355938,189356,삼성테크윈(주),biz-gis.com
서울특별시,11,강남구,11680,205578,443562,(주)하이마트,biz-gis.com
서울특별시,11,중구,11140,197547,451006,케이디비생명보험(주),biz-gis.com
서울특별시,11,영등포구,11560,192691,447427,현대캐피탈(주),biz-gis.com
서울특별시,11,종로구,11110,197476,451932,흥국생명보험(주),biz-gis.com
전라남도,46,여수시,46130,259846,146768,한국바스프(주),biz-gis.com
경상남도,48,창원시 의창구,48121,349665,193380,현대로템(주),biz-gis.com
서울특별시,11,영등포구,11560,193605,446607,현대증권(주),biz-gis.com
서울특별시,11,서초구,11650,201738,444518,(주)케이씨씨,biz-gis.com
서울특별시,11,중구,11140,197703,450977,(주)신한금융지주회사,biz-gis.com
부산광역시,26,동구,26170,387660,184058,(주)부산은행,biz-gis.com
부산광역시,26,영도구,26200,387032,179248,(주)한진중공업,biz-gis.com
대구광역시,27,수성구,27260,345816,263308,(주)대구은행,biz-gis.com
서울특별시,11,중구,11140,198044,450688,대한전선(주),biz-gis.com
광주광역시,29,광산구,29200,180929,182634,금호타이어(주),biz-gis.com
서울특별시,11,강남구,11680,205331,445725,현대산업개발(주),biz-gis.com
서울특별시,11,영등포구,11560,193345,446534,(주)삼천리,biz-gis.com
경기도,41,시흥시,41390,181991,438081,(주)한화건설,biz-gis.com
서울특별시,11,중구,11140,198201,451219,오씨아이(주),biz-gis.com
서울특별시,11,영등포구,11560,191383,446098,미래에셋생명보험(주),biz-gis.com
서울특별시,11,중구,11140,200235,451063,태광산업(주),biz-gis.com
서울특별시,11,중구,11140,197758,451122,삼성증권(주),biz-gis.com
대전광역시,30,대덕구,30230,238410,326031,(주)케이티앤지,biz-gis.com
울산광역시,31,남구,31140,410805,224681,(주)케이피케미칼,biz-gis.com
경상남도,48,통영시,48220,330101,162862,성동조선해양(주),biz-gis.com
서울특별시,11,강남구,11680,203051,446310,두산건설(주),biz-gis.com
서울특별시,11,강남구,11680,204332,444787,(주)보광훼미리마트,biz-gis.com
서울특별시,11,영등포구,11560,192691,447427,현대카드(주),biz-gis.com
전라북도,45,익산시,45140,197862,271722,동우화인켐(주),biz-gis.com
서울특별시,11,종로구,11110,197476,451932,흥국화재해상보험(주),biz-gis.com
서울특별시,11,중구,11140,197758,451122,삼성에버랜드(주),biz-gis.com
서울특별시,11,강남구,11680,203017,444168,유코카캐리어스(주),biz-gis.com
전라남도,46,나주시,46170,173777,168648,금호산업(주),biz-gis.com
경기도,41,평택시,41220,187369,386251,(주)풍산,biz-gis.com
서울특별시,11,중구,11140,198248,451382,(주)호텔롯데,biz-gis.com
서울특별시,11,강남구,11680,204721,445573,대한해운(주),biz-gis.com
서울특별시,11,송파구,11710,209084,445906,쌍용건설(주),biz-gis.com
서울특별시,11,강남구,11680,204744,444843,동부건설(주),biz-gis.com
경기도,41,수원시 영통구,41117,204448,416167,도시바삼성스토리지테크놀러지코리아(주),biz-gis.com
서울특별시,11,중구,11140,197813,450455,에스케이브로드밴드(주),biz-gis.com
경기도,41,평택시,41220,187046,383715,(주)만도,biz-gis.com
서울특별시,11,중구,11140,197531,451069,대한통운(주),biz-gis.com
서울특별시,11,중구,11140,197816,451197,한화손해보험(주),biz-gis.com
경기도,41,평택시,41220,208291,391734,쌍용자동차(주),biz-gis.com
서울특별시,11,강남구,11680,202901,444137,(주)포스코피앤에스,biz-gis.com
서울특별시,11,용산구,11170,197138,447437,(주)아모레퍼시픽,biz-gis.com
서울특별시,11,중구,11140,198429,450839,(주)엘지씨엔에스,biz-gis.com
서울특별시,11,종로구,11110,198200,451926,에스케이루브리컨츠(주),biz-gis.com
서울특별시,11,중구,11140,197813,450455,에스케이해운(주),biz-gis.com
울산광역시,31,남구,31140,410840,224270,삼성석유화학(주),biz-gis.com
충청남도,44,서산시,44210,150055,373214,현대파워텍(주),biz-gis.com
서울특별시,11,중구,11140,198711,451488,동양종합금융증권(주),biz-gis.com
서울특별시,11,영등포구,11560,193675,447291,(주)엘지하우시스,biz-gis.com
경상북도,47,영주시,47210,345198,366750,노벨리스코리아(주),biz-gis.com
서울특별시,11,중구,11140,198512,451645,유니온스틸(주),biz-gis.com
서울특별시,11,동작구,11590,192805,443834,(주)농심,biz-gis.com
서울특별시,11,중구,11140,197831,450795,롯데손해보험(주),biz-gis.com
서울특별시,11,종로구,11110,200028,452234,삼남석유화학(주),biz-gis.com
서울특별시,11,구로구,11530,190383,444897,(주)세아베스틸,biz-gis.com
서울특별시,11,종로구,11110,197276,453411,대한유화공업(주),biz-gis.com
서울특별시,11,강남구,11680,204254,444825,메트라이프생명보험(주),biz-gis.com
서울특별시,11,중구,11140,198624,451673,미래에셋증권(주),biz-gis.com
대전광역시,30,대덕구,30230,236729,326230,한라공조(주),biz-gis.com
대전광역시,30,서구,30170,234538,316330,(주)홈플러스테스코,biz-gis.com
서울특별시,11,종로구,11110,197408,451919,(주)엘지생활건강,biz-gis.com
경상남도,48,창원시 성산구,48123,347788,188897,볼보그룹코리아(주),biz-gis.com
경상남도,48,창원시 성산구,48123,348435,191964,두산엔진(주),biz-gis.com
경기도,41,성남시 분당구,41135,210811,431542,리빙프라자(주),biz-gis.com
경상남도,48,창원시 마산회원구,48127,343490,193479,(주)경남은행,biz-gis.com
서울특별시,11,영등포구,11560,193644,446559,신영증권(주),biz-gis.com
서울특별시,11,종로구,11110,200028,452234,(주)삼양홀딩스,biz-gis.com
서울특별시,11,종로구,11110,200006,452380,서울보증보험(주),biz-gis.com
서울특별시,11,강남구,11680,204744,444843,동부생명보험(주),biz-gis.com
서울특별시,11,영등포구,11560,193232,446951,신한금융투자(주),biz-gis.com
충청남도,44,아산시,44200,199901,364639,경남기업(주),biz-gis.com
서울특별시,11,강서구,11500,188656,449476,서울도시가스(주),biz-gis.com
서울특별시,11,영등포구,11560,190409,447298,(주)코스트코코리아,biz-gis.com
서울특별시,11,강남구,11680,203017,444168,한솔제지(주),biz-gis.com
서울특별시,11,강남구,11680,204915,445104,(주)아이마켓코리아,biz-gis.com
경상남도,48,창원시 성산구,48123,346087,190716,포스코특수강(주),biz-gis.com
서울특별시,11,중구,11140,197614,450801,(주)세아제강,biz-gis.com
서울특별시,11,강남구,11680,203017,444168,한솔테크닉스(주),biz-gis.com
서울특별시,11,중구,11140,200703,451832,(주)두산,biz-gis.com
서울특별시,11,중구,11140,198301,450781,우리금융지주(주),biz-gis.com
서울특별시,11,강남구,11680,202744,443087,푸르덴셜생명보험(주),biz-gis.com
충청남도,44,공주시,44150,196995,339079,웅진코웨이(주),biz-gis.com
서울특별시,11,용산구,11170,200600,447832,희성전자(주),biz-gis.com
서울특별시,11,송파구,11710,208993,445826,한라건설(주),biz-gis.com
서울특별시,11,서초구,11650,200578,445243,(주)이랜드리테일,biz-gis.com
서울특별시,11,영등포구,11560,193018,446708,한국쓰리엠(주),biz-gis.com
경기도,41,성남시 분당구,41135,209376,429349,에스케이씨앤씨(주),biz-gis.com
경기도,41,수원시 영통구,41117,204385,416586,삼성전자로지텍(주),biz-gis.com
경기도,41,수원시 장안구,41111,198661,422373,에스케이씨(주),biz-gis.com
서울특별시,11,영등포구,11560,193192,446919,(주)범한판토스,biz-gis.com
서울특별시,11,중구,11140,200489,450494,(주)호텔신라,biz-gis.com
경기도,41,화성시,41590,206706,407196,(주)디에스,biz-gis.com
경기도,41,성남시 분당구,41135,212930,429299,한국지역난방공사,biz-gis.com
인천광역시,28,부평구,28237,174689,446668,동서식품(주),biz-gis.com
서울특별시,11,영등포구,11560,190463,448354,롯데제과(주),biz-gis.com
경기도,41,안양시 동안구,41173,195260,430043,엘에스산전(주),biz-gis.com
서울특별시,11,강남구,11680,203229,444415,(주)지에스글로벌,biz-gis.com
경기도,41,고양시 일산동구,41285,179868,461402,(주)태영건설,biz-gis.com
인천광역시,28,연수구,28185,169350,431202,벽산건설(주),biz-gis.com
경기도,41,성남시 분당구,41135,209572,433414,에스케이케미칼(주),biz-gis.com
광주광역시,29,북구,29170,186665,192566,앰코테크놀로지코리아(주),biz-gis.com
서울특별시,11,서초구,11650,199371,443987,이수화학(주),biz-gis.com
경기도,41,성남시 중원구,41133,214840,437104,(주)파리크라상,biz-gis.com
경기도,41,성남시 분당구,41135,209250,428612,엔에이치엔(주),biz-gis.com
서울특별시,11,강남구,11680,206655,444121,대한도시가스(주),biz-gis.com
경기도,41,수원시 영통구,41117,204740,417845,삼성엘이디(주),biz-gis.com
서울특별시,11,서초구,11650,202004,443716,롯데칠성음료(주),biz-gis.com
서울특별시,11,서초구,11650,201639,445762,(주)케이씨씨건설,biz-gis.com
인천광역시,28,중구,28110,152254,437752,인천국제공항공사,biz-gis.com
울산광역시,31,북구,31200,414505,231449,(주)경동도시가스,biz-gis.com
서울특별시,11,중구,11140,198889,451417,(주)대우일렉트로닉스,biz-gis.com
경상남도,48,창원시 성산구,48123,345803,190838,에스티엑스중공업(주),biz-gis.com
서울특별시,11,종로구,11110,198200,451926,에스케이(주),biz-gis.com
경상남도,48,사천시,48240,297027,175877,한국항공우주산업(주),biz-gis.com
서울특별시,11,중구,11140,197831,450795,롯데카드(주),biz-gis.com
충청남도,44,아산시,44200,201702,372604,태산엘시디(주),biz-gis.com
서울특별시,11,강남구,11680,205340,445356,텍사스인스트루먼트코리아(주),biz-gis.com
서울특별시,11,중구,11140,198343,451570,(주)하나금융지주,biz-gis.com
대전광역시,30,서구,30170,232566,317362,계룡건설산업(주),biz-gis.com
서울특별시,11,서초구,11650,203722,440212,현대엠코(주),biz-gis.com
서울특별시,11,양천구,11470,188952,447336,현대엔지니어링(주),biz-gis.com
서울특별시,11,강남구,11680,204600,443009,한국아이비엠(주),biz-gis.com
경상남도,48,창원시 성산구,48123,351660,190315,에스티엑스엔진(주),biz-gis.com
서울특별시,11,강남구,11680,205005,444928,유한킴벌리(주),biz-gis.com
서울특별시,11,동대문구,11230,202236,452403,대상(주),biz-gis.com
인천광역시,28,중구,28110,165066,441769,대한제당(주),biz-gis.com
충청남도,44,서산시,44210,153202,370622,현대다이모스(주),biz-gis.com
서울특별시,11,영등포구,11560,190120,446513,(주)하이프라자,biz-gis.com
서울특별시,11,서초구,11650,201670,445667,(주)한국야쿠르트,biz-gis.com
경상북도,47,구미시,47190,326740,290658,도레이첨단소재(주),biz-gis.com
서울특별시,11,중구,11140,199143,451041,남해화학(주),biz-gis.com
울산광역시,31,남구,31140,414315,228197,삼성정밀화학(주),biz-gis.com
서울특별시,11,중구,11140,197621,450356,메르세데스벤츠코리아(주),biz-gis.com
서울특별시,11,강남구,11680,204850,445281,(주)휴비스,biz-gis.com
서울특별시,11,강남구,11680,202476,443917,(주)아워홈,biz-gis.com
광주광역시,29,동구,29110,191972,183975,(주)광주은행,biz-gis.com
경기도,41,과천시,41290,199110,435925,코오롱건설(주),biz-gis.com
서울특별시,11,강남구,11680,202945,447309,(주)엘지패션,biz-gis.com
서울특별시,11,영등포구,11560,193341,446813,폴리미래(주),biz-gis.com
전라남도,46,여수시,46130,259788,146410,금호피앤비화학(주),biz-gis.com
서울특별시,11,성동구,11200,205003,450894,(주)예스코,biz-gis.com
서울특별시,11,영등포구,11560,192943,447208,산은금융지주(주),biz-gis.com
서울특별시,11,강남구,11680,202973,446342,비엠더블유코리아(주),biz-gis.com
서울특별시,11,강남구,11680,205508,445061,세아상역(주),biz-gis.com
서울특별시,11,금천구,11545,189306,442224,(주)히타치엘지데이터스토리지코리아,biz-gis.com
서울특별시,11,중구,11140,198298,451195,(주)한진,biz-gis.com
서울특별시,11,강남구,11680,204201,444716,그린손해보험(주),biz-gis.com
서울특별시,11,중구,11140,198748,451681,한화엘앤씨(주),biz-gis.com
경상남도,48,양산시,48330,385532,210117,넥센타이어(주),biz-gis.com
인천광역시,28,남동구,28200,173878,438711,(주)한양,biz-gis.com
서울특별시,11,강동구,11740,210567,447404,(주)농협사료,biz-gis.com
서울특별시,11,강남구,11680,202724,444055,풍림산업(주),biz-gis.com
서울특별시,11,서초구,11650,203811,440090,(주)농협유통,biz-gis.com
경기도,41,화성시,41590,200226,409848,일진전기(주),biz-gis.com
서울특별시,11,용산구,11170,196060,447733,케이비생명보험(주),biz-gis.com
서울특별시,11,영등포구,11560,193608,446652,메리츠종합금융증권(주),biz-gis.com
서울특별시,11,중구,11140,199079,451355,쌍용양회공업(주),biz-gis.com
경기도,41,수원시 권선구,41113,202613,417564,(주)동양건설산업,biz-gis.com
경기도,41,성남시 분당구,41135,210296,430972,(주)서희건설,biz-gis.com
경상북도,47,구미시,47190,326143,291512,(주)엘지실트론,biz-gis.com
서울특별시,11,중구,11140,198432,451742,남양유업(주),biz-gis.com
서울특별시,11,강남구,11680,204951,446611,하이트맥주(주),biz-gis.com
서울특별시,11,영등포구,11560,193684,446607,한국증권금융(주),biz-gis.com
서울특별시,11,서초구,11650,203827,441731,(주)동원에프앤비,biz-gis.com
경기도,41,용인시 처인구,41461,232912,408500,한신공영(주),biz-gis.com
서울특별시,11,금천구,11545,189022,442387,코오롱아이넷(주),biz-gis.com
경상북도,47,포항시 남구,47111,412977,279120,포스코강판(주),biz-gis.com
경상남도,48,사천시,48240,294965,173051,에스피피조선(주),biz-gis.com
대구광역시,27,달성군,27710,331317,249403,한국델파이(주),biz-gis.com
인천광역시,28,남동구,28200,173847,439007,신동아건설(주),biz-gis.com
경상남도,48,창원시 성산구,48123,355058,188881,두산디에스티(주),biz-gis.com
서울특별시,11,서초구,11650,198403,442513,소니코리아(주),biz-gis.com
경상남도,48,창원시 성산구,48123,350941,192653,에스티엑스메탈(주),biz-gis.com
부산광역시,26,수영구,26500,392249,184103,(주)부산도시가스,biz-gis.com
서울특별시,11,종로구,11110,198885,452766,삼환기업(주),biz-gis.com
경기도,41,용인시 기흥구,41463,208691,416627,씨제이프레시웨이(주),biz-gis.com
서울특별시,11,강남구,11680,202744,443087,엘아이지넥스원(주),biz-gis.com
경기도,41,군포시,41410,196253,427710,(주)케피코,biz-gis.com
서울특별시,11,금천구,11545,190320,440244,롯데알미늄(주),biz-gis.com
서울특별시,11,종로구,11110,198627,452310,(주)카프로,biz-gis.com
부산광역시,26,북구,26320,382490,192435,(주)서원유통,biz-gis.com
서울특별시,11,강남구,11680,203229,444415,(주)지에스,biz-gis.com
경기도,41,안양시 동안구,41173,195260,430043,엘에스엠트론(주),biz-gis.com
경상북도,47,구미시,47190,322977,289145,웅진케미칼(주),biz-gis.com
서울특별시,11,종로구,11110,198951,452725,매일유업(주),biz-gis.com
서울특별시,11,마포구,11440,193875,449734,(주)이랜드월드,biz-gis.com
충청북도,43,음성군,43770,241564,383927,(주)삼동,biz-gis.com
서울특별시,11,종로구,11110,198286,451901,케이파워(주),biz-gis.com
경기도,41,과천시,41290,199110,435925,코오롱글로텍(주),biz-gis.com
서울특별시,11,동작구,11590,193206,443168,녹십자생명보험(주),biz-gis.com
서울특별시,11,중구,11140,197610,451031,(주)부영주택,biz-gis.com
대구광역시,27,북구,27230,342966,266498,(주)티케이케미칼,biz-gis.com
서울특별시,11,강남구,11680,202901,444137,포스코파워(주),biz-gis.com
경상남도,48,창원시 성산구,48123,349112,191987,한국철강(주),biz-gis.com
서울특별시,11,강남구,11680,201882,445370,(주)영풍,biz-gis.com
서울특별시,11,중구,11140,197631,450219,라이나생명보험(주),biz-gis.com
서울특별시,11,중구,11140,197536,450785,롯데로지스틱스(주),biz-gis.com
서울특별시,11,강남구,11680,202486,447498,(주)현대백화점,biz-gis.com
서울특별시,11,영등포구,11560,193023,447431,한세실업(주),biz-gis.com
충청남도,44,천안시 동남구,44131,214297,368735,디에스디삼호(주),biz-gis.com
서울특별시,11,서초구,11650,198507,441617,(주)대교,biz-gis.com
경기도,41,평택시,41220,197458,394678,한국니토옵티칼(주),biz-gis.com
서울특별시,11,중구,11140,198298,451195,고려해운(주),biz-gis.com
경기도,41,이천시,41500,236914,422099,콘티넨탈오토모티브시스템(주),biz-gis.com
경상북도,47,구미시,47190,323566,291527,일본전기초자한국(주),biz-gis.com
서울특별시,11,영등포구,11560,192800,447287,대한주택보증(주),biz-gis.com
울산광역시,31,남구,31140,411458,224295,동서석유화학(주),biz-gis.com
서울특별시,11,중구,11140,197547,450918,(주)에스원,biz-gis.com
부산광역시,26,동구,26170,386556,182971,우리아비바생명보험(주),biz-gis.com
경기도,41,용인시 처인구,41461,218633,418411,(주)휴맥스,biz-gis.com
대전광역시,30,대덕구,30230,238410,326031,(주)한국인삼공사,biz-gis.com
경기도,41,성남시 분당구,41135,209252,427984,한전케이피에스(주),biz-gis.com
경기도,41,시흥시,41390,174678,427813,희성촉매(주),biz-gis.com
서울특별시,11,금천구,11545,190651,441604,서울반도체(주),biz-gis.com
서울특별시,11,중구,11140,198072,450814,삼부토건(주),biz-gis.com
경기도,41,파주시,41480,180597,484824,파주전기초자(주),biz-gis.com
경기도,41,이천시,41500,243115,416791,현대엘리베이터(주),biz-gis.com
경기도,41,성남시 분당구,41135,209376,427522,(주)카길애그리퓨리나,biz-gis.com
경상북도,47,포항시 남구,47111,414902,278616,(주)포스코아이씨티,biz-gis.com
충청북도,43,청원군,43710,227325,348122,(주)유라코퍼레이션,biz-gis.com
서울특별시,11,강남구,11680,205764,444476,(주)에스에이엠티,biz-gis.com
서울특별시,11,중구,11140,198232,451806,(주)케이알앤씨,biz-gis.com
경기도,41,수원시 영통구,41117,205742,418202,삼성전자서비스(주),biz-gis.com
서울특별시,11,강남구,11680,205923,444380,롯데상사(주),biz-gis.com
서울특별시,11,영등포구,11560,190120,446513,(주)지에스홈쇼핑,biz-gis.com
부산광역시,26,사하구,26380,378589,178225,대한제강(주),biz-gis.com
충청남도,44,당진군,44830,180456,383978,지에스이피에스(주),biz-gis.com
서울특별시,11,강남구,11680,204764,446745,아우디폭스바겐코리아(주),biz-gis.com
서울특별시,11,강서구,11500,183388,451317,(주)공항석유상사,biz-gis.com
경기도,41,시흥시,41390,174678,427813,(주)대창,biz-gis.com
경기도,41,파주시,41480,172393,468571,(주)웅진씽크빅,biz-gis.com
경기도,41,용인시 기흥구,41463,208858,423958,(주)녹십자,biz-gis.com
서울특별시,11,강남구,11680,204264,444621,세방전지(주),biz-gis.com
충청남도,44,공주시,44150,196805,338893,극동건설(주),biz-gis.com
경기도,41,군포시,41410,195534,429031,가온전선(주),biz-gis.com
경상남도,48,창원시 성산구,48123,346458,191408,현대비앤지스틸(주),biz-gis.com
서울특별시,11,구로구,11530,190396,443975,애경유화(주),biz-gis.com
인천광역시,28,연수구,28185,168853,431831,(주)경신,biz-gis.com
대구광역시,27,중구,27110,342659,263122,대성에너지(주),biz-gis.com
경기도,41,안양시 동안구,41173,195260,430043,엘에스글로벌인코퍼레이티드(주),biz-gis.com
부산광역시,26,기장군,26710,399357,204808,(주)성우하이텍,biz-gis.com
충청남도,44,천안시 서북구,44133,210800,373729,세메스(주),biz-gis.com
경기도,41,안산시 단원구,41273,182153,421800,에스티엑스에너지(주),biz-gis.com
서울특별시,11,중구,11140,196752,450122,(주)영원무역,biz-gis.com
서울특별시,11,노원구,11350,205212,460113,(주)대륜이엔에스,biz-gis.com
경상북도,47,포항시 남구,47111,417841,280664,(주)포스코켐텍,biz-gis.com
경기도,41,성남시 분당구,41135,210139,430916,(주)포스코엔지니어링,biz-gis.com
서울특별시,11,강남구,11680,205543,444983,(주)삼탄,biz-gis.com
서울특별시,11,서초구,11650,199425,442659,한성자동차(주),biz-gis.com
서울특별시,11,영등포구,11560,193729,446874,(주)문화방송,biz-gis.com
전라북도,45,전주시 덕진구,45113,208821,260921,(주)전주페이퍼,biz-gis.com
경기도,41,용인시 처인구,41461,222264,419910,엠케이전자(주),biz-gis.com
서울특별시,11,중구,11140,197813,450455,피에스앤마케팅(주),biz-gis.com
서울특별시,11,중구,11140,200198,451256,씨제이푸드빌(주),biz-gis.com
경기도,41,안양시 동안구,41173,197002,432452,지에스파워(주),biz-gis.com
전라남도,46,해남군,46820,137375,138583,대한조선(주),biz-gis.com
경기도,41,양주시,41630,197428,487428,(주)뉴옵틱스,biz-gis.com
서울특별시,11,중구,11140,198512,451645,(주)오씨아이상사,biz-gis.com
서울특별시,11,중구,11140,197847,451012,장금상선(주),biz-gis.com
서울특별시,11,마포구,11440,195828,449552,엘지엔시스(주),biz-gis.com
부산광역시,26,부산진구,26230,387844,185209,세운철강(주),biz-gis.com
서울특별시,11,영등포구,11560,193123,446863,한화증권(주),biz-gis.com
서울특별시,11,서초구,11650,198845,440755,(주)씨제이오쇼핑,biz-gis.com
인천광역시,28,서구,28260,171256,442176,희성금속(주),biz-gis.com
서울특별시,11,종로구,11110,199977,452527,현대로지엠(주),biz-gis.com
서울특별시,11,서초구,11650,201493,442373,(주)하이트진로,biz-gis.com
경상남도,48,양산시,48330,385175,209340,코카콜라음료(주),biz-gis.com
서울특별시,11,동작구,11590,193232,443315,악사손해보험(주),biz-gis.com
서울특별시,11,중구,11140,198748,451681,한화호텔앤드리조트(주),biz-gis.com
서울특별시,11,영등포구,11560,191751,445975,롯데역사(주),biz-gis.com
서울특별시,11,중구,11140,197641,451155,울트라건설(주),biz-gis.com
서울특별시,11,강남구,11680,203598,446151,남광토건(주),biz-gis.com
경기도,41,남양주시,41360,213126,456995,(주)빙그레,biz-gis.com
전라북도,45,군산시,45130,163201,273913,타타대우상용차(주),biz-gis.com
서울특별시,11,강남구,11680,205331,445725,성우오토모티브(주),biz-gis.com
서울특별시,11,관악구,11620,193352,443216,(주)코리아세븐,biz-gis.com
서울특별시,11,양천구,11470,188753,447443,(주)에스비에스,biz-gis.com
서울특별시,11,중구,11140,198473,451578,(주)교원구몬,biz-gis.com
서울특별시,11,영등포구,11560,189957,445880,(주)지오영네트웍스,biz-gis.com
서울특별시,11,종로구,11110,198260,451950,(주)동양,biz-gis.com
경상북도,47,포항시 북구,47113,411795,288097,영남에너지서비스(주),biz-gis.com
서울특별시,11,용산구,11170,197284,448208,(주)오리온,biz-gis.com
서울특별시,11,마포구,11440,195838,449412,씨앤에스에너지(주),biz-gis.com
울산광역시,31,남구,31140,413987,220516,에스케이유화(주),biz-gis.com
충청남도,44,천안시 서북구,44133,219144,375836,해태제과식품(주),biz-gis.com
경상남도,48,진주시,48170,300353,186404,무림페이퍼(주),biz-gis.com
서울특별시,11,영등포구,11560,189957,445880,(주)지오영,biz-gis.com
서울특별시,11,성동구,11200,205144,449259,(주)신도리코,biz-gis.com
서울특별시,11,강남구,11680,205005,444928,한국제지(주),biz-gis.com
서울특별시,11,강남구,11680,202026,446224,(주)이테크건설,biz-gis.com
서울특별시,11,영등포구,11560,193523,446463,동부증권(주),biz-gis.com
서울특별시,11,중구,11140,198473,451578,에스케이텔레시스(주),biz-gis.com
경기도,41,부천시 오정구,41199,179534,447256,유진기업(주),biz-gis.com
서울특별시,11,강남구,11680,202642,443388,한일시멘트(주),biz-gis.com
서울특별시,11,동작구,11590,193996,445597,(주)유한양행,biz-gis.com
서울특별시,11,영등포구,11560,193749,446642,엔에이치투자증권(주),biz-gis.com
서울특별시,11,중구,11140,200550,451167,서울석유(주),biz-gis.com
부산광역시,26,기장군,26710,393968,202122,에스앤티대우(주),biz-gis.com
경상북도,47,구미시,47190,325235,289701,삼성탈레스(주),biz-gis.com
서울특별시,11,강남구,11680,204670,444804,도시바일렉트로닉스코리아(주),biz-gis.com
서울특별시,11,구로구,11530,190123,445203,대성산업(주),biz-gis.com
서울특별시,11,관악구,11620,193352,443216,(주)바이더웨이,biz-gis.com
부산광역시,26,사하구,26380,381441,178033,와이케이스틸(주),biz-gis.com
서울특별시,11,금천구,11545,189387,441269,국도화학(주),biz-gis.com
서울특별시,11,강남구,11680,202656,446534,하이호금속(주),biz-gis.com
경기도,41,용인시 수지구,41465,208315,424460,고려개발(주),biz-gis.com
대전광역시,30,대덕구,30230,239731,317211,아주캐피탈(주),biz-gis.com
경상남도,48,통영시,48220,330464,148759,에스엘에스조선(주),biz-gis.com
서울특별시,11,중구,11140,198128,450903,(주)신세계푸드,biz-gis.com
경기도,41,과천시,41290,199204,436361,(주)케이티엠앤에스,biz-gis.com
서울특별시,11,용산구,11170,199827,448077,(주)제일기획,biz-gis.com
서울특별시,11,영등포구,11560,193259,446869,유진투자증권(주),biz-gis.com
서울특별시,11,강남구,11680,203324,444097,지멘스(주),biz-gis.com
서울특별시,11,영등포구,11560,190463,448354,(주)롯데삼강,biz-gis.com
서울특별시,11,강남구,11680,203229,444415,엘지에릭슨(주),biz-gis.com
서울특별시,11,강남구,11680,202717,444151,(주)엔투비,biz-gis.com
부산광역시,26,연제구,26470,389396,189240,(주)화승네트웍스,biz-gis.com
부산광역시,26,사상구,26530,380273,184542,한국특수형강(주),biz-gis.com
경상남도,48,창원시 성산구,48123,350807,190966,경남에너지(주),biz-gis.com
서울특별시,11,강남구,11680,206161,443887,동일석유(주),biz-gis.com
경기도,41,안산시 단원구,41273,177593,423965,(주)한샘,biz-gis.com
경기도,41,수원시 장안구,41111,198877,424450,(주)한미석유,biz-gis.com
서울특별시,11,강남구,11680,204744,444843,(주)동부하이텍,biz-gis.com
서울특별시,11,중구,11140,198523,451578,하나에이치에스비씨생명보험(주),biz-gis.com
서울특별시,11,송파구,11710,210878,442486,흥아해운(주),biz-gis.com
서울특별시,11,영등포구,11560,193675,447291,(주)엘지,biz-gis.com
서울특별시,11,중구,11140,197515,450688,대원강업(주),biz-gis.com
서울특별시,11,강남구,11680,203168,444180,브리티쉬아메리칸토바코코리아(주),biz-gis.com
경기도,41,안양시 동안구,41173,197283,432601,한국미니스톱(주),biz-gis.com
서울특별시,11,금천구,11545,191211,437645,(주)메가마트,biz-gis.com
서울특별시,11,강남구,11680,203748,447182,(주)신세계인터내셔날,biz-gis.com
울산광역시,31,북구,31200,413935,241530,(주)힘스,biz-gis.com
인천광역시,28,연수구,28185,169020,432675,진흥기업(주),biz-gis.com
충청북도,43,청원군,43710,236571,356176,(주)에이스디지텍,biz-gis.com
울산광역시,31,북구,31200,414312,233688,덕양산업(주),biz-gis.com
서울특별시,11,강남구,11680,204377,444702,(주)솔로몬저축은행,biz-gis.com
부산광역시,26,연제구,26470,389396,189240,(주)화승,biz-gis.com
경기도,41,용인시 기흥구,41463,209674,421661,한국전력기술(주),biz-gis.com
서울특별시,11,구로구,11530,187590,444825,한일이화(주),biz-gis.com
충청북도,43,청주시 흥덕구,43113,239861,348963,(주)심텍,biz-gis.com
서울특별시,11,강동구,11740,211025,448548,(주)현대홈쇼핑,biz-gis.com
인천광역시,28,서구,28260,169308,443193,인천도시가스(주),biz-gis.com
충청남도,44,천안시 서북구,44133,209930,370273,(주)디아이디,biz-gis.com
서울특별시,11,용산구,11170,197430,448789,(주)롯데리아,biz-gis.com
전라남도,46,여수시,46130,262486,148377,엘지엠엠에이(주),biz-gis.com
충청남도,44,천안시 동남구,44131,209982,358623,제이에스전선(주),biz-gis.com
서울특별시,11,송파구,11710,210400,443510,한솔섬유(주),biz-gis.com
울산광역시,31,남구,31140,413275,226813,송원산업(주),biz-gis.com
경상남도,48,창원시 성산구,48123,352814,191344,에스앤티중공업(주),biz-gis.com
전라남도,46,화순군,46790,196895,172732,(주)호반건설,biz-gis.com
서울특별시,11,영등포구,11560,190463,448354,(주)우리홈쇼핑,biz-gis.com
서울특별시,11,강남구,11680,202724,444055,한국로디아(주),biz-gis.com
서울특별시,11,강남구,11680,204045,444530,드림리츠(주),biz-gis.com
서울특별시,11,용산구,11170,196370,447836,(주)전자랜드,biz-gis.com
서울특별시,11,중구,11140,198249,450580,에이앤피파이낸셜대부(주),biz-gis.com
서울특별시,11,강남구,11680,202543,443893,엘아이지건설(주),biz-gis.com
전라북도,45,완주군,45710,211282,274173,솔라파크코리아(주),biz-gis.com
부산광역시,26,남구,26290,389819,180551,세방(주),biz-gis.com
서울특별시,11,중구,11140,199143,451041,휴켐스(주),biz-gis.com
서울특별시,11,강남구,11680,202642,443388,한일건설(주),biz-gis.com
서울특별시,11,중구,11140,199143,451041,(주)웅진홀딩스,biz-gis.com
전라북도,45,전주시 덕진구,45113,211825,259945,(주)전북은행,biz-gis.com
경기도,41,부천시 원미구,41195,181025,445622,페어차일드코리아반도체(주),biz-gis.com
경상남도,48,창원시 의창구,48121,352988,193510,(주)포스텍,biz-gis.com
서울특별시,11,강남구,11680,205581,445256,캐논코리아비즈니스솔루션(주),biz-gis.com
경기도,41,안산시 단원구,41273,180334,423326,대덕전자(주),biz-gis.com
경기도,41,안성시,41550,222730,386321,팜스코(주),biz-gis.com
서울특별시,11,강남구,11680,205132,445580,그랜드코리아레저(주),biz-gis.com
경상북도,47,포항시 남구,47111,414010,278606,(주)세아특수강,biz-gis.com
경상북도,47,포항시 남구,47111,411048,280775,(주)포스코엠텍,biz-gis.com
경상북도,47,경주시,47130,411116,246442,(주)다스,biz-gis.com
부산광역시,26,금정구,26410,390578,196010,(주)세정,biz-gis.com
서울특별시,11,중구,11140,197623,450540,(주)켐크로스인터내셔널,biz-gis.com
전라남도,46,여수시,46130,261822,149075,엘지폴리카보네이트(주),biz-gis.com
전라남도,46,광양시,46230,269923,157868,(주)에스엔엔씨,biz-gis.com
서울특별시,11,중구,11140,198748,451681,한화에스앤씨(주),biz-gis.com
서울특별시,11,종로구,11110,198592,452191,성신양회(주),biz-gis.com
서울특별시,11,강동구,11740,212334,447734,신성통상(주),biz-gis.com
경기도,41,화성시,41590,191068,406837,신화인터텍(주),biz-gis.com
경상남도,48,김해시,48250,374347,194180,태광실업(주),biz-gis.com
서울특별시,11,강남구,11680,205170,445006,(주)휴스틸,biz-gis.com
경기도,41,과천시,41290,199110,435925,코오롱패션머티리얼(주),biz-gis.com
서울특별시,11,중구,11140,198973,451144,깨끗한나라(주),biz-gis.com
경상남도,48,양산시,48330,384359,207538,(주)화승알앤에이,biz-gis.com
서울특별시,11,강남구,11680,205026,445067,(주)엔씨소프트,biz-gis.com
서울특별시,11,강남구,11680,204091,444591,(주)넥슨코리아,biz-gis.com
서울특별시,11,강남구,11680,203773,444464,피씨에이생명보험(주),biz-gis.com
경기도,41,성남시 중원구,41133,215397,437160,(주)대웅제약,biz-gis.com
서울특별시,11,종로구,11110,198286,451901,(주)화인파트너스,biz-gis.com
경기도,41,파주시,41480,174574,469486,에이에스이코리아(주),biz-gis.com
부산광역시,26,사하구,26380,379934,178342,(주)창신아이엔씨,biz-gis.com
서울특별시,11,강남구,11680,205291,445028,한국암웨이(주),biz-gis.com
서울특별시,11,마포구,11440,195385,448930,(주)신원,biz-gis.com
서울특별시,11,종로구,11110,197993,452036,(주)교보문고,biz-gis.com
서울특별시,11,마포구,11440,190354,452919,씨제이씨지브이(주),biz-gis.com
서울특별시,11,강남구,11680,204744,444843,(주)동부메탈,biz-gis.com
대전광역시,30,중구,30140,236275,316362,(주)충남도시가스,biz-gis.com
충청남도,44,아산시,44200,208702,369897,중부도시가스(주),biz-gis.com
인천광역시,28,연수구,28185,168951,432598,(주)반도건설,biz-gis.com
서울특별시,11,영등포구,11560,193575,446626,(주)삼진조선,biz-gis.com
서울특별시,11,중구,11140,198265,451645,하나에스케이카드(주),biz-gis.com
서울특별시,11,중구,11140,197864,451850,한국필립모리스(주),biz-gis.com
서울특별시,11,강서구,11500,182125,451274,한국공항공사,biz-gis.com
서울특별시,11,동대문구,11230,202014,452529,삼미상사(주),biz-gis.com
서울특별시,11,서초구,11650,198951,441479,(주)사조해표,biz-gis.com
경상북도,47,포항시 남구,47111,414226,278740,동일산업(주),biz-gis.com
서울특별시,11,강남구,11680,202685,444955,(주)케이씨엔에이,biz-gis.com
서울특별시,11,종로구,11110,198260,451950,동양시멘트(주),biz-gis.com
서울특별시,11,강동구,11740,211368,446866,서울통신기술(주),biz-gis.com
서울특별시,11,서초구,11650,202210,443839,아디다스코리아(주),biz-gis.com
경상남도,48,함안군,48730,321680,200882,한국제강(주),biz-gis.com
부산광역시,26,해운대구,26350,395616,186406,(주)대원플러스건설,biz-gis.com
서울특별시,11,종로구,11110,198083,452408,(주)삼표,biz-gis.com
서울특별시,11,중구,11140,198512,451645,(주)유니드,biz-gis.com
인천광역시,28,남동구,28200,173746,435176,동양기전(주),biz-gis.com
부산광역시,26,부산진구,26230,386871,186003,부산도시공사,biz-gis.com
경기도,41,용인시 수지구,41465,208809,425780,우림건설(주),biz-gis.com
충청남도,44,당진군,44830,165914,383951,환영철강공업(주),biz-gis.com
경기도,41,시흥시,41390,173820,426755,에어프로덕츠코리아(주),biz-gis.com
서울특별시,11,강남구,11680,203168,444180,(주)나이키스포츠,biz-gis.com
서울특별시,11,종로구,11110,198083,452408,(주)삼선로직스,biz-gis.com
경기도,41,용인시 수지구,41465,208910,425759,(주)코레드하우징,biz-gis.com
서울특별시,11,영등포구,11560,193197,446821,키움증권(주),biz-gis.com
서울특별시,11,용산구,11170,197102,447331,(주)글락소스미스클라인,biz-gis.com
서울특별시,11,중구,11140,198473,451578,(주)교원,biz-gis.com
부산광역시,26,수영구,26500,392573,188572,고려제강(주),biz-gis.com
서울특별시,11,서초구,11650,202553,443374,코리아이플랫폼(주),biz-gis.com
경기도,41,평택시,41220,185420,387114,머크어드밴스드테크놀러지스(주),biz-gis.com
경상북도,47,영천시,47230,375412,271615,(주)화신,biz-gis.com
서울특별시,11,중구,11140,200479,450933,신세계건설(주),biz-gis.com
인천광역시,28,남구,28170,168714,437286,헤라우스오리엔탈하이텍(주),biz-gis.com
충청남도,44,천안시 동남구,44131,213326,367210,(주)동일토건,biz-gis.com
광주광역시,29,광산구,29200,180954,187947,(주)해양도시가스,biz-gis.com
충청북도,43,음성군,43770,241723,384462,(주)풀무원식품,biz-gis.com
서울특별시,11,강남구,11680,205210,445157,한무쇼핑(주),biz-gis.com
서울특별시,11,강동구,11740,210567,447404,(주)농협목우촌,biz-gis.com
서울특별시,11,강남구,11680,204463,444729,한국다우케미칼(주),biz-gis.com
충청남도,44,당진군,44830,162791,387057,현대이피(주),biz-gis.com
서울특별시,11,중구,11140,200298,450835,(주)파라다이스,biz-gis.com
서울특별시,11,강남구,11680,201757,445748,(주)넥솔론,biz-gis.com
인천광역시,28,남동구,28200,173826,438815,(주)삼호,biz-gis.com
서울특별시,11,영등포구,11560,190774,447259,현대하이카다이렉트자동차보험(주),biz-gis.com
서울특별시,11,강남구,11680,204438,446212,(주)한섬,biz-gis.com
서울특별시,11,강남구,11680,205026,445067,현대종합금속(주),biz-gis.com
서울특별시,11,관악구,11620,198060,441557,대한주정판매(주),biz-gis.com
서울특별시,11,강남구,11680,202573,444097,산와대부(주),biz-gis.com
서울특별시,11,동작구,11590,191473,442604,제이더블유중외제약(주),biz-gis.com
서울특별시,11,강남구,11680,205577,445321,(주)씨앤앰,biz-gis.com
대구광역시,27,달성군,27710,331637,248496,대동공업(주),biz-gis.com
경상북도,47,포항시 남구,47111,412768,279449,(주)포스코플랜텍,biz-gis.com
대전광역시,30,대덕구,30230,236890,318914,(주)아트라스비엑스,biz-gis.com
서울특별시,11,강남구,11680,205340,445356,한국다우코닝(주),biz-gis.com
경기도,41,안양시 만안구,41171,190317,433836,동원시스템즈(주),biz-gis.com
서울특별시,11,중구,11140,197623,450540,한국노바티스(주),biz-gis.com
서울특별시,11,종로구,11110,200246,452007,(주)글로스타,biz-gis.com
대구광역시,27,달성군,27710,332867,248867,(주)엠비성산,biz-gis.com
서울특별시,11,양천구,11470,186722,445571,(주)씨제이헬로비전,biz-gis.com
서울특별시,11,중구,11140,198298,451195,(주)동방,biz-gis.com
충청남도,44,아산시,44200,202633,374053,(주)두원공조,biz-gis.com
서울특별시,11,구로구,11530,189449,444584,지에스네오텍(주),biz-gis.com
서울특별시,11,강남구,11680,204797,445189,(주)일진글로벌,biz-gis.com
서울특별시,11,서초구,11650,201735,444608,제일약품(주),biz-gis.com
서울특별시,11,강남구,11680,205581,445256,롯데캐피탈(주),biz-gis.com
서울특별시,11,양천구,11470,189004,447617,케이티스카이라이프(주),biz-gis.com
울산광역시,31,북구,31200,414667,232505,세종공업(주),biz-gis.com
서울특별시,11,강남구,11680,205132,445580,(주)신영,biz-gis.com
서울특별시,11,중구,11140,198053,451313,맥쿼리증권(주),biz-gis.com
서울특별시,11,중구,11140,197718,450578,엔카네트워크(주),biz-gis.com
서울특별시,11,강남구,11680,204012,447042,루이비통코리아(주),biz-gis.com
서울특별시,11,중구,11140,197472,451263,한국후지제록스(주),biz-gis.com
경기도,41,성남시 분당구,41135,209729,425906,(주)네오위즈게임즈,biz-gis.com
충청북도,43,음성군,43770,243646,390648,비알코리아(주),biz-gis.com
인천광역시,28,남동구,28200,176740,438248,인천광역시도시개발공사,biz-gis.com
경기도,41,광주시,41610,216540,427427,주성엔지니어링(주),biz-gis.com
경기도,41,화성시,41590,209542,411680,(주)에스에프에이,biz-gis.com
서울특별시,11,중구,11140,198531,450910,한국화이자제약(주),biz-gis.com
충청남도,44,천안시 동남구,44131,214080,368467,(주)일레븐건설,biz-gis.com
경기도,41,양주시,41630,200793,482166,능원금속공업(주),biz-gis.com
서울특별시,11,서초구,11650,202413,442608,한전케이디엔(주),biz-gis.com
서울특별시,11,서대문구,11410,196680,450864,(주)종근당,biz-gis.com
경기도,41,안산시 단원구,41273,178053,424030,(주)인터플렉스,biz-gis.com
서울특별시,11,서초구,11650,200558,441769,휠라코리아(주),biz-gis.com
서울특별시,11,서초구,11650,202491,443538,아주모터스(주),biz-gis.com
대구광역시,27,달서구,27290,334843,261432,신라철강(주),biz-gis.com
경상북도,47,경주시,47130,400684,266456,발레오전장시스템스코리아(주),biz-gis.com
서울특별시,11,중구,11140,197622,450926,에스케이마케팅앤컴퍼니(주),biz-gis.com
서울특별시,11,영등포구,11560,190665,447467,(주)티씨씨동양,biz-gis.com
충청북도,43,청원군,43710,236684,355658,제이에스알마이크로코리아(주),biz-gis.com
충청남도,44,예산군,44810,175856,363384,대원전선(주),biz-gis.com
대전광역시,30,서구,30170,232600,317031,대전도시공사,biz-gis.com
경기도,41,용인시 처인구,41461,229041,409914,(주)푸드머스,biz-gis.com
서울특별시,11,영등포구,11560,193515,446571,에스케이증권(주),biz-gis.com
서울특별시,11,강남구,11680,203266,444376,한국토요타자동차(주),biz-gis.com
전라남도,46,광양시,46230,268720,159832,조선내화(주),biz-gis.com
경상북도,47,구미시,47190,330358,294218,한욱테크노글라스(주),biz-gis.com
경기도,41,성남시 수정구,41131,213269,437833,(주)토마토저축은행,biz-gis.com
서울특별시,11,금천구,11545,189022,442387,롯데정보통신(주),biz-gis.com
서울특별시,11,영등포구,11560,194616,446392,동아원(주),biz-gis.com
인천광역시,28,서구,28260,172066,441909,(주)동진쎄미켐,biz-gis.com
경상북도,47,경산시,47290,364863,264321,조일알미늄(주),biz-gis.com
울산광역시,31,남구,31140,411255,223917,(주)한주,biz-gis.com
서울특별시,11,강남구,11680,204440,446884,노틸러스효성(주),biz-gis.com
서울특별시,11,송파구,11710,208834,445812,(주)롯데주류비지,biz-gis.com
서울특별시,11,강남구,11680,203168,444180,캐논코리아컨슈머이미징(주),biz-gis.com
경기도,41,부천시 오정구,41199,180789,447378,대우버스(주),biz-gis.com
대구광역시,27,수성구,27260,346621,261243,화성산업(주),biz-gis.com
부산광역시,26,부산진구,26230,387271,186101,(주)부산롯데호텔,biz-gis.com
인천광역시,28,서구,28260,172251,441746,(주)케이엠앤아이,biz-gis.com
충청남도,44,서산시,44210,144692,389366,(주)씨텍,biz-gis.com
경기도,41,용인시 수지구,41465,208809,425780,(주)현대그린푸드,biz-gis.com
경기도,41,안산시 단원구,41273,180789,421868,대성전기공업(주),biz-gis.com
서울특별시,11,노원구,11350,205323,461423,(주)롯데미도파,biz-gis.com
경기도,41,성남시 중원구,41133,214896,436853,(주)샤니,biz-gis.com
경기도,41,고양시 일산서구,41287,178670,463267,(주)청원건설,biz-gis.com
서울특별시,11,서대문구,11410,197170,451123,임광토건(주),biz-gis.com
서울특별시,11,성북구,11290,203163,455890,(주)골드윈코리아,biz-gis.com
광주광역시,29,서구,29140,187631,183634,아이씨엔개발(주),biz-gis.com
충청남도,44,서산시,44210,143742,388695,대산엠엠에이(주),biz-gis.com
서울특별시,11,용산구,11170,199215,448889,(주)필립스전자,biz-gis.com
경기도,41,용인시 처인구,41461,214137,404325,(주)리바트,biz-gis.com
충청남도,44,천안시 서북구,44133,210947,372745,에드워드코리아(주),biz-gis.com
서울특별시,11,동대문구,11230,205112,452762,(주)코스틸,biz-gis.com
충청남도,44,당진군,44830,171805,377717,서해도시가스(주),biz-gis.com
서울특별시,11,강남구,11680,201882,445370,서린상사(주),biz-gis.com
서울특별시,11,강남구,11680,203587,447217,(주)현대스위스저축은행,biz-gis.com
경기도,41,안산시 단원구,41273,185130,424083,신한캐피탈(주),biz-gis.com
경상북도,47,경주시,47130,408885,242633,(주)스틸드림,biz-gis.com
서울특별시,11,중구,11140,198624,451673,미래에셋자산운용투자자문(주),biz-gis.com
경기도,41,안산시 단원구,41273,177328,423227,삼화페인트공업(주),biz-gis.com
경상남도,48,창원시 성산구,48123,354640,189976,현대위스코(주),biz-gis.com
충청북도,43,청원군,43710,232770,332992,(주)보쉬전장,biz-gis.com
경상남도,48,창원시 진해구,48129,355236,185366,에스티엑스건설(주),biz-gis.com
경상북도,47,포항시 북구,47113,409055,298950,(주)디케이씨,biz-gis.com
서울특별시,11,종로구,11110,197558,451938,금호미쓰이화학(주),biz-gis.com
경상북도,47,포항시 남구,47111,413360,280003,넥스틸(주),biz-gis.com
부산광역시,26,남구,26290,388314,183882,삼보이엔씨(주),biz-gis.com
전라북도,45,전주시 덕진구,45113,212563,259732,(주)중앙건설,biz-gis.com
경상남도,48,창원시 성산구,48123,352966,190545,덴소풍성(주),biz-gis.com
경상북도,47,구미시,47190,326393,291254,한국트로닉스(주),biz-gis.com
서울특별시,11,서대문구,11410,196934,451334,사조산업(주),biz-gis.com
대구광역시,27,달서구,27290,336138,258561,평화정공(주),biz-gis.com
서울특별시,11,영등포구,11560,190587,448165,(주)롯데햄,biz-gis.com
서울특별시,11,강남구,11680,203017,444168,한솔라이팅(주),biz-gis.com
서울특별시,11,서초구,11650,202138,444438,(주)인터파크아이엔티,biz-gis.com
서울특별시,11,영등포구,11560,192876,447303,일신방직(주),biz-gis.com
서울특별시,11,강남구,11680,203833,442221,(주)다이소아성산업,biz-gis.com
부산광역시,26,해운대구,26350,393530,188441,(주)한토알이디,biz-gis.com
전라남도,46,나주시,46170,173645,169367,남양건설(주),biz-gis.com
충청남도,44,천안시 서북구,44133,209600,369905,에스티에스반도체통신(주),biz-gis.com
서울특별시,11,강남구,11680,205439,445854,(주)에이디티캡스,biz-gis.com
서울특별시,11,중구,11140,197860,451754,(주)조선일보사,biz-gis.com
충청북도,43,청주시 흥덕구,43113,239675,349693,한국네슬레(주),biz-gis.com
강원도,42,홍천군,42720,259916,460587,(주)대명레저산업,biz-gis.com
울산광역시,31,남구,31140,413249,223140,성진지오텍(주),biz-gis.com
서울특별시,11,용산구,11170,197607,448718,(주)크라운제과,biz-gis.com
충청북도,43,청주시 흥덕구,43113,240071,350703,충청에너지서비스(주),biz-gis.com
서울특별시,11,강남구,11680,204695,446908,아이에스동서(주),biz-gis.com
서울특별시,11,강남구,11680,202852,444118,(주)사노피아벤티스코리아,biz-gis.com
서울특별시,11,종로구,11110,200028,452234,(주)삼양제넥스,biz-gis.com
인천광역시,28,계양구,28245,173948,446915,(주)금강,biz-gis.com
서울특별시,11,종로구,11110,198502,452475,대성산업가스(주),biz-gis.com
서울특별시,11,송파구,11710,209036,445898,(주)마이스터,biz-gis.com
서울특별시,11,강서구,11500,182744,452344,한국공항(주),biz-gis.com
서울특별시,11,중구,11140,197631,450219,카디프생명보험(주),biz-gis.com
서울특별시,11,종로구,11110,198204,452346,국민비투멘(주),biz-gis.com
서울특별시,11,마포구,11440,193875,449734,(주)이랜드,biz-gis.com
경기도,41,용인시 수지구,41465,208809,425780,(주)현대에프앤지,biz-gis.com
충청북도,43,진천군,43750,243586,375171,서한산업(주),biz-gis.com
경기도,41,안산시 단원구,41273,180896,422195,대덕지디에스(주),biz-gis.com
서울특별시,11,송파구,11710,211083,444473,한솔씨에스엔(주),biz-gis.com
경기도,41,이천시,41500,247677,421257,디아지오코리아(주),biz-gis.com
경기도,41,안양시 동안구,41173,194840,431917,(주)케이티렌탈,biz-gis.com
경상남도,48,김해시,48250,373998,194836,(주)엘에스네트웍스,biz-gis.com
서울특별시,11,중구,11140,197614,450801,알씨아이파이낸셜서비스코리아(주),biz-gis.com
경상남도,48,김해시,48250,362318,195526,하이에어코리아(주),biz-gis.com
서울특별시,11,영등포구,11560,193232,446951,케이비투자증권(주),biz-gis.com
인천광역시,28,연수구,28185,169407,431496,한국단자공업(주),biz-gis.com
경상북도,47,구미시,47190,327247,290667,에쓰이에이치에프코리아(주),biz-gis.com
경상남도,48,창원시 성산구,48123,352110,190073,한화테크엠(주),biz-gis.com
서울특별시,11,서초구,11650,200210,442200,(주)케이티디에스,biz-gis.com
경상북도,47,안동시,47170,352665,340025,대원석유(주),biz-gis.com
경기도,41,안산시 단원구,41273,180055,422612,(주)서원,biz-gis.com
경상남도,48,창원시 성산구,48123,352872,190672,지엠비코리아(주),biz-gis.com
대전광역시,30,서구,30170,233208,315603,(주)케이티씨에스,biz-gis.com
경기도,41,안산시 단원구,41273,179340,424492,(주)에스아이플렉스,biz-gis.com
서울특별시,11,마포구,11440,195358,448948,(주)동서,biz-gis.com
대구광역시,27,달서구,27290,336190,260890,(주)평화발레오,biz-gis.com
서울특별시,11,마포구,11440,195866,449638,한국엠에스디(주),biz-gis.com
대구광역시,27,북구,27230,341723,267178,에스엘(주),biz-gis.com
서울특별시,11,종로구,11110,198351,451919,한국유리공업(주),biz-gis.com
전라북도,45,군산시,45130,166245,274376,백광산업(주),biz-gis.com
경기도,41,용인시 수지구,41465,208566,425837,(주)국도개발,biz-gis.com
서울특별시,11,강남구,11680,202973,446342,비엠더블유파이낸셜서비스코리아(주),biz-gis.com
서울특별시,11,종로구,11110,198376,452083,한국스탠다드차타드금융지주(주),biz-gis.com
경상북도,47,경주시,47130,404624,273147,(주)성호기업,biz-gis.com
부산광역시,26,중구,26110,385825,180868,인터지스(주),biz-gis.com
서울특별시,11,양천구,11470,188573,447200,페트로코리아(주),biz-gis.com
서울특별시,11,영등포구,11560,192775,446611,(주)케이티스,biz-gis.com
서울특별시,11,강남구,11680,202026,444998,(주)유성티엔에스,biz-gis.com
경기도,41,성남시 분당구,41135,209929,430706,솔브레인(주),biz-gis.com
서울특별시,11,서초구,11650,199371,443987,이수건설(주),biz-gis.com
전라남도,46,여수시,46130,266929,150006,오리온엔지니어드카본즈(주),biz-gis.com
서울특별시,11,영등포구,11560,192820,447260,무진전자(주),biz-gis.com
경기도,41,평택시,41220,194661,390859,오뚜기라면(주),biz-gis.com
서울특별시,11,구로구,11530,189983,443571,애경산업(주),biz-gis.com
서울특별시,11,용산구,11170,200420,448320,(주)다음커뮤니케이션,biz-gis.com
강원도,42,강릉시,42150,377326,456036,라파즈한라시멘트(주),biz-gis.com
전라남도,46,순천시,46150,245847,167202,성창이엔씨(주),biz-gis.com
경상북도,47,구미시,47190,323199,291117,(주)케이이씨,biz-gis.com
경상남도,48,양산시,48330,384529,207814,쿠쿠홈시스(주),biz-gis.com
경기도,41,이천시,41500,243705,416329,(주)케이알산업,biz-gis.com
서울특별시,11,동작구,11590,193176,443378,바이엘코리아(주),biz-gis.com
서울특별시,11,동작구,11590,192805,443834,율촌화학(주),biz-gis.com
서울특별시,11,영등포구,11560,189804,446428,하이비지니스로지스틱스(주),biz-gis.com
서울특별시,11,강남구,11680,202806,443195,(주)케이티네트웍스,biz-gis.com
서울특별시,11,중구,11140,198201,451219,오덱(주),biz-gis.com
경상남도,48,창원시 성산구,48123,349030,191102,현대메티아(주),biz-gis.com
서울특별시,11,중구,11140,197813,450455,에스케이텔링크(주),biz-gis.com
서울특별시,11,중구,11140,197622,450926,대한제분(주),biz-gis.com
경기도,41,성남시 분당구,41135,210804,431282,(주)케이티테크,biz-gis.com
경상북도,47,포항시 남구,47111,414353,279875,(주)흥화,biz-gis.com
서울특별시,11,종로구,11110,198730,452925,(주)옥산유통,biz-gis.com
부산광역시,26,영도구,26200,389116,178330,미창석유공업(주),biz-gis.com
경기도,41,시흥시,41390,174678,427813,기보스틸(주),biz-gis.com
인천광역시,28,연수구,28185,168951,432598,대우조선해양건설(주),biz-gis.com
서울특별시,11,종로구,11110,197712,451939,창명해운(주),biz-gis.com
서울특별시,11,강남구,11680,205340,445356,소니서플라이체인솔루션즈코리아(주),biz-gis.com
대구광역시,27,남구,27200,341891,261377,(주)경동사,biz-gis.com
서울특별시,11,영등포구,11560,192876,447303,예스이십사(주),biz-gis.com
서울특별시,11,용산구,11170,196319,447977,대원씨티에스(주),biz-gis.com
서울특별시,11,강남구,11680,204987,445021,(주)에이비비코리아,biz-gis.com
서울특별시,11,마포구,11440,195572,448934,이지석유(주),biz-gis.com
서울특별시,11,중구,11140,197796,450255,씨제이(주),biz-gis.com
충청남도,44,아산시,44200,206215,371055,(주)경신전선,biz-gis.com
경기도,41,오산시,41370,203940,410318,씨에스유통(주),biz-gis.com
충청남도,44,아산시,44200,207961,366752,위니아만도(주),biz-gis.com
경상남도,48,양산시,48330,384333,210102,동아타이어공업(주),biz-gis.com
서울특별시,11,종로구,11110,197408,451919,(주)엘지생명과학,biz-gis.com
부산광역시,26,강서구,26440,366645,179528,(주)태웅,biz-gis.com
서울특별시,11,중구,11140,197375,451033,(주)중앙일보사,biz-gis.com
경기도,41,시흥시,41390,174678,427813,태림포장공업(주),biz-gis.com
부산광역시,26,중구,26110,385873,181045,(주)디섹,biz-gis.com
경기도,41,성남시 분당구,41135,209499,433414,(주)유라엘텍,biz-gis.com
경기도,41,의정부시,41150,204286,470873,경기저축은행(주),biz-gis.com
경기도,41,안산시 단원구,41273,178873,423481,(주)포스코에이에스티,biz-gis.com
서울특별시,11,강남구,11680,204859,445232,(주)리홈,biz-gis.com
서울특별시,11,금천구,11545,189378,441909,로옴세미컨덕터코리아(주),biz-gis.com
서울특별시,11,동대문구,11230,206256,452483,(주)개성약품,biz-gis.com
서울특별시,11,금천구,11545,189473,441484,지에스넥스테이션(주),biz-gis.com
서울특별시,11,종로구,11110,200028,452234,삼양화성(주),biz-gis.com
전라남도,46,여수시,46130,260058,145663,케이피엑스화인케미칼(주),biz-gis.com
서울특별시,11,강남구,11680,204069,444786,(주)우전앤한단,biz-gis.com
충청남도,44,천안시 서북구,44133,211217,365852,범양건영(주),biz-gis.com
인천광역시,28,서구,28260,170320,443004,동화상협(주),biz-gis.com
충청북도,43,청원군,43710,236258,356281,(주)파워로직스,biz-gis.com
서울특별시,11,영등포구,11560,190485,446651,하나씨이엔씨(주),biz-gis.com
대전광역시,30,대덕구,30230,236965,317641,(주)우성사료,biz-gis.com
부산광역시,26,강서구,26440,368709,178296,(주)오리엔탈정공,biz-gis.com
경기도,41,안성시,41550,223953,385606,(주)신흥정밀,biz-gis.com
서울특별시,11,강남구,11680,205011,444888,(주)도화엔지니어링,biz-gis.com
부산광역시,26,북구,26320,381468,190197,광신석유(주),biz-gis.com
서울특별시,11,종로구,11110,197479,452163,대보인터내셔널쉬핑(주),biz-gis.com
서울특별시,11,강남구,11680,202852,444118,(주)한독약품,biz-gis.com
경기도,41,용인시 수지구,41465,209176,426193,(주)온세텔레콤,biz-gis.com
경상북도,47,구미시,47190,327432,291128,(주)델코,biz-gis.com
서울특별시,11,송파구,11710,208731,445905,(주)한화갤러리아,biz-gis.com
서울특별시,11,금천구,11545,190181,441619,(주)에스지세계물산,biz-gis.com
서울특별시,11,서초구,11650,203827,441731,(주)동원홈푸드,biz-gis.com
서울특별시,11,종로구,11110,198730,452925,(주)삼양인터내셔날,biz-gis.com
경기도,41,의왕시,41430,197359,427712,(주)시몬느,biz-gis.com
서울특별시,11,중구,11140,198343,451738,동국산업(주),biz-gis.com
부산광역시,26,동래구,26260,389736,193348,하이투자증권(주),biz-gis.com
인천광역시,28,연수구,28185,169350,431202,송도국제화복합단지개발(주),biz-gis.com
부산광역시,26,부산진구,26230,387693,185345,부산교통공사,biz-gis.com
경기도,41,안양시 만안구,41171,194621,431451,인탑스(주),biz-gis.com
전라남도,46,화순군,46790,199181,173473,금광기업(주),biz-gis.com
경기도,41,안산시 단원구,41273,180674,422553,(주)신창전기,biz-gis.com
경상북도,47,경산시,47290,364612,264481,(주)에스에이치비,biz-gis.com
서울특별시,11,서초구,11650,202491,443538,아주산업(주),biz-gis.com
서울특별시,11,송파구,11710,210003,446043,한미홀딩스(주),biz-gis.com
부산광역시,26,금정구,26410,389659,196968,(주)동아지질,biz-gis.com
울산광역시,31,울주군,31710,411703,218138,(주)티씨티,biz-gis.com
대전광역시,30,동구,30110,239378,316967,에이케이켐텍(주),biz-gis.com
서울특별시,11,양천구,11470,188572,447305,티센크루프엘리베이터코리아(주),biz-gis.com
전라북도,45,군산시,45130,161411,272258,(주)청우테크,biz-gis.com
서울특별시,11,중구,11140,197623,450540,동양매직(주),biz-gis.com
울산광역시,31,울주군,31710,414283,214684,무림피앤피(주),biz-gis.com
서울특별시,11,종로구,11110,197558,451938,금호폴리켐(주),biz-gis.com
충청남도,44,천안시 서북구,44133,209600,369905,비케이엘씨디(주),biz-gis.com
서울특별시,11,서초구,11650,198951,441479,(주)사조대림,biz-gis.com
대구광역시,27,달성군,27710,331366,249702,(주)이수페타시스,biz-gis.com
경기도,41,평택시,41220,186619,385904,동명스틸(주),biz-gis.com
울산광역시,31,울주군,31710,410265,223430,삼성비피화학(주),biz-gis.com
서울특별시,11,송파구,11710,210431,443465,(주)제일상호저축은행,biz-gis.com
서울특별시,11,영등포구,11560,190834,447978,디에이치엘글로벌포워딩코리아(주),biz-gis.com
경기도,41,수원시 팔달구,41115,202764,417913,한라산업개발(주),biz-gis.com
대전광역시,30,대덕구,30230,236522,318974,제일사료(주),biz-gis.com
충청남도,44,아산시,44200,190511,368120,현대엠시트(주),biz-gis.com
충청남도,44,서산시,44210,143196,388458,현대스틸산업(주),biz-gis.com
경기도,41,안산시 단원구,41273,181222,423622,태평양물산(주),biz-gis.com
부산광역시,26,강서구,26440,369430,177714,(주)대한금속,biz-gis.com
서울특별시,11,강남구,11680,202993,445998,동양물산기업(주),biz-gis.com
서울특별시,11,구로구,11530,190344,442637,(주)신세계아이앤씨,biz-gis.com
경상북도,47,구미시,47190,324491,289377,(주)케이에이치바텍,biz-gis.com
대구광역시,27,달서구,27290,336815,260592,삼익티에이치케이(주),biz-gis.com
서울특별시,11,강남구,11680,203705,445917,(주)신일건업,biz-gis.com
경기도,41,시흥시,41390,174678,427813,인지컨트롤스(주),biz-gis.com
서울특별시,11,강남구,11680,202098,444827,(주)에이치케이저축은행,biz-gis.com
광주광역시,29,동구,29110,193598,180769,남선석유(주),biz-gis.com
경기도,41,안양시 만안구,41171,190434,433774,(주)노루페인트,biz-gis.com
경기도,41,군포시,41410,194938,430314,서진산업(주),biz-gis.com
서울특별시,11,종로구,11110,199752,452470,보령제약(주),biz-gis.com
경기도,41,성남시 분당구,41135,210704,431204,한솔이엠이(주),biz-gis.com
강원도,42,강릉시,42150,378497,457132,한라엔컴(주),biz-gis.com
서울특별시,11,서대문구,11410,196754,450839,전방(주),biz-gis.com
서울특별시,11,강남구,11680,202814,442957,더클래스효성(주),biz-gis.com
충청남도,44,아산시,44200,203962,366625,존슨콘트롤즈오토모티브코리아(주),biz-gis.com
경기도,41,안산시 단원구,41273,180601,423519,대원산업(주),biz-gis.com
서울특별시,11,마포구,11440,195183,449129,(주)디에이치엘코리아,biz-gis.com
서울특별시,11,강남구,11680,202469,446328,구산토건(주),biz-gis.com
전라북도,45,익산시,45140,200026,272632,일진머티리얼즈(주),biz-gis.com
서울특별시,11,중구,11140,198181,451809,씨티그룹글로벌마켓증권(주),biz-gis.com
울산광역시,31,울주군,31710,413782,216356,(주)세진중공업,biz-gis.com
서울특별시,11,송파구,11710,209357,444701,신라교역(주),biz-gis.com
서울특별시,11,관악구,11620,192779,442113,신성반도체(주),biz-gis.com
경기도,41,수원시 장안구,41111,199141,421897,주택관리공단(주),biz-gis.com
서울특별시,11,영등포구,11560,193060,446654,한국투자금융지주(주),biz-gis.com
경상남도,48,창원시 성산구,48123,352702,189842,대림자동차공업(주),biz-gis.com
광주광역시,29,광산구,29200,182216,190363,부국철강(주),biz-gis.com
경기도,41,평택시,41220,197275,394013,한국알박(주),biz-gis.com
경기도,41,용인시 기흥구,41463,209261,420537,(주)마니커,biz-gis.com
충청북도,43,청주시 흥덕구,43113,238033,348902,(주)신영대농개발,biz-gis.com
서울특별시,11,금천구,11545,189699,441229,(주)모뉴엘,biz-gis.com
부산광역시,26,부산진구,26230,387784,185177,(주)윈스틸,biz-gis.com
광주광역시,29,광산구,29200,181775,187460,(주)연호전자,biz-gis.com
경기도,41,화성시,41590,187830,408808,한미약품(주),biz-gis.com
서울특별시,11,강남구,11680,203229,444415,한국닌텐도(주),biz-gis.com
서울특별시,11,광진구,11215,208403,448163,동아건설산업(주),biz-gis.com
인천광역시,28,남동구,28200,172792,431957,기전산업(주),biz-gis.com
서울특별시,11,종로구,11110,197558,451938,아시아나아이디티(주),biz-gis.com
인천광역시,28,남동구,28200,172335,433144,(주)한국축산의희망서울사료,biz-gis.com
전라북도,45,익산시,45140,197656,271736,광전자(주),biz-gis.com
서울특별시,11,서초구,11650,200869,442750,(주)한독모터스,biz-gis.com
서울특별시,11,서초구,11650,201161,443029,광동제약(주),biz-gis.com
서울특별시,11,강남구,11680,203508,443553,패션그룹형지(주),biz-gis.com
강원도,42,원주시,42130,281701,426912,요진건설산업(주),biz-gis.com
경기도,41,안산시 단원구,41273,180559,424557,(주)삼보컴퓨터,biz-gis.com
서울특별시,11,영등포구,11560,193391,446873,대한방직(주),biz-gis.com
서울특별시,11,강남구,11680,202742,443163,(주)이노션,biz-gis.com
서울특별시,11,종로구,11110,197408,451919,(주)더페이스샵,biz-gis.com
경기도,41,수원시 영통구,41117,205456,417181,(주)이라이콤,biz-gis.com
인천광역시,28,부평구,28237,175284,446651,대우자동차판매(주),biz-gis.com
경기도,41,수원시 팔달구,41115,202958,417738,우리파이낸셜(주),biz-gis.com
서울특별시,11,구로구,11530,188201,443918,강남도시가스(주),biz-gis.com
경상북도,47,구미시,47190,324842,291188,(주)메르디안솔라앤디스플레이,biz-gis.com
서울특별시,11,종로구,11110,200006,452380,한국씨티그룹캐피탈(주),biz-gis.com
서울특별시,11,서초구,11650,202422,443716,하나캐피탈(주),biz-gis.com
인천광역시,28,남동구,28200,172529,433130,(주)대창스틸,biz-gis.com
경기도,41,성남시 분당구,41135,208882,433282,(주)농수산홈쇼핑,biz-gis.com
서울특별시,11,강남구,11680,202869,445258,케어캠프(주),biz-gis.com
울산광역시,31,북구,31200,412410,239845,대양석유(주),biz-gis.com
인천광역시,28,동구,28140,168403,442425,대주중공업(주),biz-gis.com
경상북도,47,포항시 남구,47111,413769,275600,(주)삼원강재,biz-gis.com
경상남도,48,창원시 진해구,48129,362619,181346,삼보산업(주),biz-gis.com
경기도,41,화성시,41590,206043,414417,한양이엔지(주),biz-gis.com
서울특별시,11,중구,11140,197621,450356,메르세데스벤츠파이낸셜서비스코리아(주),biz-gis.com
경기도,41,성남시 중원구,41133,214235,436765,코리아니켈(주),biz-gis.com
서울특별시,11,서초구,11650,203191,440127,모토로라코리아(주),biz-gis.com
부산광역시,26,강서구,26440,368640,179144,현진소재(주),biz-gis.com
서울특별시,11,금천구,11545,190560,440925,명화공업(주),biz-gis.com
전라북도,45,전주시 덕진구,45113,209086,261550,태전약품판매(주),biz-gis.com
서울특별시,11,서초구,11650,202670,443059,델인터내셔널(주),biz-gis.com
서울특별시,11,강남구,11680,203324,444097,아세아시멘트(주),biz-gis.com
서울특별시,11,송파구,11710,211147,445511,(주)약진통상,biz-gis.com
경기도,41,안산시 단원구,41273,181686,423221,영풍전자(주),biz-gis.com
서울특별시,11,중구,11140,197622,450926,대한사료(주),biz-gis.com
인천광역시,28,부평구,28237,174117,446218,(주)인켈,biz-gis.com
서울특별시,11,강남구,11680,205132,445580,(주)엘에스,biz-gis.com
서울특별시,11,종로구,11110,197958,451918,(주)동아일보사,biz-gis.com
인천광역시,28,부평구,28237,172241,441292,린나이코리아(주),biz-gis.com
인천광역시,28,연수구,28185,167718,430011,베르나바이오텍코리아(주),biz-gis.com
충청남도,44,연기군,44730,219699,355778,코리아오토글라스(주),biz-gis.com
충청북도,43,청원군,43710,236834,354695,미래나노텍(주),biz-gis.com
경기도,41,평택시,41220,207552,390781,(주)경동나비엔,biz-gis.com
서울특별시,11,마포구,11440,194974,448119,금호전기(주),biz-gis.com
서울특별시,11,동대문구,11230,205734,451638,신성약품(주),biz-gis.com
서울특별시,11,강남구,11680,204744,444843,(주)동부한농,biz-gis.com
서울특별시,11,강남구,11680,205132,445580,엘에스메탈(주),biz-gis.com
경기도,41,안산시 단원구,41273,180207,423375,남양공업(주),biz-gis.com
서울특별시,11,중구,11140,198748,451681,남성해운(주),biz-gis.com
경기도,41,안양시 동안구,41173,196378,432502,티이씨건설(주),biz-gis.com
서울특별시,11,영등포구,11560,193568,446758,(주)코스콤,biz-gis.com
경기도,41,이천시,41500,243115,416791,하이디스테크놀로지(주),biz-gis.com
경기도,41,평택시,41220,193322,394496,(주)바오스,biz-gis.com
부산광역시,26,금정구,26410,392128,192783,(주)삼원약품,biz-gis.com
대구광역시,27,서구,27170,339223,264208,경창산업(주),biz-gis.com
서울특별시,11,영등포구,11560,193228,446845,에이치엠씨투자증권(주),biz-gis.com
서울특별시,11,성북구,11290,202952,456164,삼양식품(주),biz-gis.com
서울특별시,11,영등포구,11560,192775,446611,이트레이드증권(주),biz-gis.com
서울특별시,11,강남구,11680,204040,446982,구찌그룹코리아(주),biz-gis.com
부산광역시,26,금정구,26410,394297,195802,동일고무벨트(주),biz-gis.com
서울특별시,11,영등포구,11560,191383,446097,(주)경방,biz-gis.com
서울특별시,11,종로구,11110,198459,452340,(주)모토닉,biz-gis.com
부산광역시,26,사하구,26380,378601,175527,금강공업(주),biz-gis.com
경기도,41,과천시,41290,199146,436059,(주)삼안,biz-gis.com
서울특별시,11,강남구,11680,202700,443497,에이제이렌터카(주),biz-gis.com
대구광역시,27,달성군,27710,332481,249409,(주)남선알미늄,biz-gis.com
대전광역시,30,대덕구,30230,236548,318203,(주)동양강철,biz-gis.com
충청북도,43,청주시 상당구,43111,243723,348817,(주)원건설,biz-gis.com
충청북도,43,청원군,43710,237250,333737,오비맥주(주),biz-gis.com
경기도,41,김포시,41570,175025,457521,(주)예건씨엠,biz-gis.com
서울특별시,11,종로구,11110,199681,452278,더케이손해보험(주),biz-gis.com
대구광역시,27,동구,27140,347182,264330,(주)기안디앤씨,biz-gis.com
경기도,41,시흥시,41390,174678,427813,(주)삼립식품,biz-gis.com
서울특별시,11,서대문구,11410,197170,451123,홍원제지(주),biz-gis.com
광주광역시,29,광산구,29200,181559,188723,한국알프스(주),biz-gis.com
서울특별시,11,동대문구,11230,204932,451350,도이치모터스(주),biz-gis.com
부산광역시,26,금정구,26410,390405,195960,(주)엠앤브이,biz-gis.com
서울특별시,11,강남구,11680,203168,444180,(주)이베이옥션,biz-gis.com
인천광역시,28,중구,28110,151757,438495,롯데디에프글로벌(주),biz-gis.com
경기도,41,안산시 단원구,41273,179651,422279,신대양제지(주),biz-gis.com
서울특별시,11,송파구,11710,211168,444553,(주)퍼시스,biz-gis.com
울산광역시,31,북구,31200,414312,233688,엔브이에이치코리아(주),biz-gis.com
충청남도,44,아산시,44200,203066,373657,하나마이크론(주),biz-gis.com
광주광역시,29,동구,29110,191989,183593,금호종합금융(주),biz-gis.com
경기도,41,안산시 단원구,41273,178612,423192,에스에스씨피(주),biz-gis.com
경상남도,48,김해시,48250,367697,205834,대창단조(주),biz-gis.com
경기도,41,부천시 소사구,41197,184656,440284,케이지케미칼(주),biz-gis.com
서울특별시,11,강남구,11680,203324,444097,아세아제지(주),biz-gis.com
충청북도,43,청원군,43710,237476,355730,에이지씨디스플레이글라스오창(주),biz-gis.com
서울특별시,11,마포구,11440,195775,449300,효성굿스프링스(주),biz-gis.com
충청남도,44,천안시 서북구,44133,210789,373942,연이정보통신(주),biz-gis.com
서울특별시,11,영등포구,11560,193023,447431,(주)인희,biz-gis.com
서울특별시,11,서초구,11650,201505,442503,삼광유리(주),biz-gis.com
서울특별시,11,종로구,11110,200038,452179,에스알에스코리아(주),biz-gis.com
전라북도,45,전주시 덕진구,45113,214571,261553,전북도시가스(주),biz-gis.com
경기도,41,안산시 단원구,41273,179227,424370,태양금속공업(주),biz-gis.com
서울특별시,11,금천구,11545,189723,441921,(주)대성엘텍,biz-gis.com
경상남도,48,창원시 성산구,48123,350648,191065,경남스틸(주),biz-gis.com
부산광역시,26,부산진구,26230,385091,185553,건설화학공업(주),biz-gis.com
서울특별시,11,성동구,11200,205300,449367,케이투코리아(주),biz-gis.com
충청북도,43,진천군,43750,239054,378363,청호나이스(주),biz-gis.com
부산광역시,26,연제구,26470,389006,188501,(주)아이피케이,biz-gis.com
경상남도,48,양산시,48330,384844,209073,고려강선(주),biz-gis.com
경기도,41,화성시,41590,190437,403830,(주)디엠에스,biz-gis.com
부산광역시,26,남구,26290,390690,181007,한국쉘석유(주),biz-gis.com
전라남도,46,장성군,46880,180066,199923,우미건설(주),biz-gis.com
대전광역시,30,유성구,30200,236516,324532,(주)실리콘웍스,biz-gis.com
서울특별시,11,서초구,11650,203269,441690,광혁건설(주),biz-gis.com
서울특별시,11,강남구,11680,203743,444550,홈플러스(주),biz-gis.com
서울특별시,11,영등포구,11560,193254,446704,교보증권(주),biz-gis.com
서울특별시,11,강남구,11680,203168,444180,(주)이베이지마켓,biz-gis.com
서울특별시,11,강남구,11680,202606,444110,에르고다음다이렉트손해보험(주),biz-gis.com
경기도,41,화성시,41590,184277,412278,월드건설(주),biz-gis.com
