MEGA_NM,MEGA_CD,CTY_NM,CTY_CD,TOTAL,X_AXIS,Y_AXIS,배포처
경기도,41,안양시 동안구,41173,1,306550,531950,biz-gis.com
경기도,41,부천시 오정구,41199,1,292550,548550,biz-gis.com
부산광역시,26,사하구,26380,1,488150,277650,biz-gis.com
서울특별시,11,중구,11140,4,310250,551650,biz-gis.com
경기도,41,용인시 처인구,41461,1,329550,509850,biz-gis.com
서울특별시,11,강서구,11500,1,297650,551550,biz-gis.com
부산광역시,26,사상구,26530,1,488950,283350,biz-gis.com
광주광역시,29,광산구,29200,1,290050,283350,biz-gis.com
충청북도,43,진천군,43750,1,351750,480650,biz-gis.com
서울특별시,11,용산구,11170,1,311050,547150,biz-gis.com
서울특별시,11,금천구,11545,5,301350,542550,biz-gis.com
충청남도,44,아산시,44200,1,313350,474050,biz-gis.com
서울특별시,11,강남구,11680,2,315050,545750,biz-gis.com
경기도,41,안산시 단원구,41273,1,291950,524050,biz-gis.com
대구광역시,27,달성군,27710,1,441350,348750,biz-gis.com
서울특별시,11,영등포구,11560,1,305650,547050,biz-gis.com
서울특별시,11,서대문구,11410,1,306050,552450,biz-gis.com
서울특별시,11,서초구,11650,1,312550,543750,biz-gis.com
경기도,41,안산시 단원구,41273,1,289450,525050,biz-gis.com
서울특별시,11,중구,11140,1,309550,551050,biz-gis.com
인천광역시,28,부평구,28237,1,287150,547350,biz-gis.com
서울특별시,11,중구,11140,1,309450,551150,biz-gis.com
부산광역시,26,사하구,26380,1,487650,276950,biz-gis.com
서울특별시,11,강남구,11680,1,316550,545950,biz-gis.com
울산광역시,31,북구,31200,1,524050,331650,biz-gis.com
서울특별시,11,중구,11140,3,310450,552150,biz-gis.com
경상남도,48,창원시 진해구,48129,1,465750,279150,biz-gis.com
경상북도,47,안동시,47170,1,466050,440750,biz-gis.com
서울특별시,11,동대문구,11230,1,314450,552850,biz-gis.com
전라북도,45,군산시,45130,1,298850,379650,biz-gis.com
경상북도,47,영천시,47230,1,478050,370150,biz-gis.com
경기도,41,화성시,41590,1,296750,513750,biz-gis.com
경기도,41,안산시 단원구,41273,1,291050,522650,biz-gis.com
경상남도,48,창원시 성산구,48123,1,455350,286650,biz-gis.com
경기도,41,안산시 상록구,41271,1,305250,522350,biz-gis.com
경기도,41,화성시,41590,1,301850,504450,biz-gis.com
서울특별시,11,강남구,11680,1,317450,545550,biz-gis.com
충청남도,44,천안시 동남구,44131,1,337650,459450,biz-gis.com
경상북도,47,칠곡군,47850,1,437450,373950,biz-gis.com
광주광역시,29,북구,29170,1,298550,289950,biz-gis.com
인천광역시,28,남동구,28200,1,284850,534050,biz-gis.com
경기도,41,용인시 처인구,41461,1,325550,504650,biz-gis.com
대전광역시,30,대덕구,30230,1,347150,425550,biz-gis.com
충청북도,43,청원군,43710,1,349550,456450,biz-gis.com
충청북도,43,청원군,43710,1,339950,449350,biz-gis.com
경상남도,48,양산시,48330,1,496650,307950,biz-gis.com
인천광역시,28,남동구,28200,1,286450,539350,biz-gis.com
서울특별시,11,중구,11140,4,309550,551250,biz-gis.com
서울특별시,11,강남구,11680,1,315850,543250,biz-gis.com
충청북도,43,청원군,43710,1,347750,454750,biz-gis.com
서울특별시,11,강서구,11500,2,299350,550850,biz-gis.com
인천광역시,28,연수구,28185,1,281050,531950,biz-gis.com
서울특별시,11,종로구,11110,2,311650,552950,biz-gis.com
부산광역시,26,사상구,26530,1,488850,283250,biz-gis.com
울산광역시,31,울주군,31710,1,520750,318750,biz-gis.com
서울특별시,11,영등포구,11560,1,304950,547150,biz-gis.com
서울특별시,11,강남구,11680,3,315350,544850,biz-gis.com
경상남도,48,창원시 진해구,48129,1,471750,280250,biz-gis.com
서울특별시,11,종로구,11110,3,311950,552750,biz-gis.com
경상남도,48,함안군,48730,1,444950,304950,biz-gis.com
서울특별시,11,중구,11140,3,310150,551750,biz-gis.com
서울특별시,11,강남구,11680,1,315750,544350,biz-gis.com
경기도,41,평택시,41220,1,312850,491750,biz-gis.com
충청남도,44,당진군,44830,1,277350,471050,biz-gis.com
서울특별시,11,강남구,11680,1,313650,546550,biz-gis.com
서울특별시,11,금천구,11545,1,301750,541150,biz-gis.com
서울특별시,11,금천구,11545,1,301250,542550,biz-gis.com
경상북도,47,포항시 남구,47111,1,524050,376850,biz-gis.com
서울특별시,11,영등포구,11560,4,305050,547350,biz-gis.com
서울특별시,11,강남구,11680,1,316250,545150,biz-gis.com
대구광역시,27,달서구,27290,1,446150,357850,biz-gis.com
부산광역시,26,해운대구,26350,1,502750,286750,biz-gis.com
서울특별시,11,중구,11140,1,312350,551450,biz-gis.com
경기도,41,안산시 단원구,41273,1,292250,523250,biz-gis.com
서울특별시,11,중구,11140,2,311050,551850,biz-gis.com
경기도,41,김포시,41570,1,275750,571350,biz-gis.com
경기도,41,화성시,41590,1,298050,513050,biz-gis.com
서울특별시,11,중구,11140,1,312150,551750,biz-gis.com
서울특별시,11,강남구,11680,2,315150,544850,biz-gis.com
대구광역시,27,달서구,27290,1,446950,358750,biz-gis.com
서울특별시,11,강서구,11500,1,294050,549950,biz-gis.com
서울특별시,11,영등포구,11560,1,301950,547650,biz-gis.com
인천광역시,28,서구,28260,1,284150,550850,biz-gis.com
대전광역시,30,유성구,30200,3,345150,424850,biz-gis.com
서울특별시,11,강남구,11680,2,313750,546550,biz-gis.com
서울특별시,11,종로구,11110,1,310750,552250,biz-gis.com
경기도,41,여주군,41730,1,364550,518550,biz-gis.com
서울특별시,11,강남구,11680,1,315050,544650,biz-gis.com
경기도,41,용인시 처인구,41461,1,325250,505150,biz-gis.com
부산광역시,26,사하구,26380,1,488950,276850,biz-gis.com
대구광역시,27,달서구,27290,1,444150,359950,biz-gis.com
경상남도,48,창원시 성산구,48123,1,460450,289550,biz-gis.com
경기도,41,화성시,41590,1,321050,512050,biz-gis.com
경기도,41,평택시,41220,1,317050,493650,biz-gis.com
경상남도,48,창원시 성산구,48123,1,460150,291650,biz-gis.com
서울특별시,11,강남구,11680,2,315450,545650,biz-gis.com
경기도,41,화성시,41590,1,312350,507450,biz-gis.com
경기도,41,화성시,41590,1,321550,511850,biz-gis.com
서울특별시,11,서초구,11650,1,310650,542250,biz-gis.com
서울특별시,11,강남구,11680,1,316850,545450,biz-gis.com
충청북도,43,음성군,43770,1,355350,492850,biz-gis.com
경기도,41,성남시 분당구,41135,1,320950,528950,biz-gis.com
충청북도,43,충주시,43130,1,377850,489250,biz-gis.com
서울특별시,11,용산구,11170,1,308550,547350,biz-gis.com
서울특별시,11,중구,11140,1,309750,550650,biz-gis.com
경기도,41,의왕시,41430,1,308350,529050,biz-gis.com
서울특별시,11,금천구,11545,3,301050,542450,biz-gis.com
서울특별시,11,중구,11140,2,308650,550650,biz-gis.com
부산광역시,26,강서구,26440,1,477750,277050,biz-gis.com
인천광역시,28,부평구,28237,1,287450,543650,biz-gis.com
충청남도,44,아산시,44200,1,320050,473550,biz-gis.com
경기도,41,여주군,41730,1,366050,508350,biz-gis.com
서울특별시,11,종로구,11110,1,311750,552750,biz-gis.com
전라남도,46,여수시,46130,1,375850,250350,biz-gis.com
인천광역시,28,부평구,28237,1,284450,547150,biz-gis.com
경상남도,48,양산시,48330,1,493650,308350,biz-gis.com
경기도,41,용인시 기흥구,41463,1,323050,516750,biz-gis.com
경기도,41,안산시 단원구,41273,2,289850,524550,biz-gis.com
경상남도,48,창원시 성산구,48123,1,461850,290150,biz-gis.com
경상남도,48,창원시 성산구,48123,1,458350,290050,biz-gis.com
서울특별시,11,영등포구,11560,1,301550,547350,biz-gis.com
경기도,41,화성시,41590,1,310450,501650,biz-gis.com
경기도,41,파주시,41480,2,284450,569350,biz-gis.com
서울특별시,11,강서구,11500,1,298250,551250,biz-gis.com
경기도,41,안산시 단원구,41273,1,291550,524550,biz-gis.com
서울특별시,11,강남구,11680,1,316250,545850,biz-gis.com
경기도,41,용인시 처인구,41461,1,338350,515350,biz-gis.com
충청남도,44,연기군,44730,1,334650,451050,biz-gis.com
충청북도,43,제천시,43150,1,415650,505250,biz-gis.com
경기도,41,용인시 처인구,41461,1,339950,516650,biz-gis.com
경기도,41,수원시 영통구,41117,1,317250,518450,biz-gis.com
서울특별시,11,서초구,11650,1,312850,542550,biz-gis.com
서울특별시,11,구로구,11530,2,302750,543150,biz-gis.com
대구광역시,27,달서구,27290,1,451250,361550,biz-gis.com
서울특별시,11,영등포구,11560,1,302950,548550,biz-gis.com
경기도,41,안산시 단원구,41273,1,292250,523650,biz-gis.com
인천광역시,28,남동구,28200,1,285450,539050,biz-gis.com
충청북도,43,음성군,43770,1,352450,486950,biz-gis.com
울산광역시,31,울주군,31710,1,520750,314550,biz-gis.com
대구광역시,27,달서구,27290,1,443950,360850,biz-gis.com
경기도,41,평택시,41220,1,318050,493450,biz-gis.com
서울특별시,11,강남구,11680,1,316450,547450,biz-gis.com
광주광역시,29,광산구,29200,1,288350,281850,biz-gis.com
서울특별시,11,송파구,11710,1,322850,543050,biz-gis.com
충청남도,44,아산시,44200,1,311750,472250,biz-gis.com
서울특별시,11,서초구,11650,1,313550,544950,biz-gis.com
서울특별시,11,강남구,11680,1,316250,543350,biz-gis.com
부산광역시,26,강서구,26440,1,478950,277950,biz-gis.com
서울특별시,11,양천구,11470,1,300450,548050,biz-gis.com
서울특별시,11,종로구,11110,1,310150,552850,biz-gis.com
울산광역시,31,남구,31140,1,524450,321850,biz-gis.com
서울특별시,11,강남구,11680,1,315450,545350,biz-gis.com
인천광역시,28,연수구,28185,1,279350,531750,biz-gis.com
서울특별시,11,영등포구,11560,1,302650,544750,biz-gis.com
충청남도,44,천안시 서북구,44133,1,329650,476050,biz-gis.com
충청북도,43,청주시 흥덕구,43113,1,351050,448850,biz-gis.com
서울특별시,11,강남구,11680,1,315650,547350,biz-gis.com
경상북도,47,구미시,47190,1,429250,401950,biz-gis.com
경기도,41,수원시 영통구,41117,1,315650,516850,biz-gis.com
경기도,41,안양시 동안구,41173,1,306650,532350,biz-gis.com
경기도,41,용인시 처인구,41461,1,338250,514950,biz-gis.com
인천광역시,28,연수구,28185,1,280650,532550,biz-gis.com
경기도,41,안산시 단원구,41273,1,296150,524750,biz-gis.com
경상북도,47,경산시,47290,1,473050,362550,biz-gis.com
서울특별시,11,서초구,11650,1,315350,542350,biz-gis.com
전라북도,45,군산시,45130,1,286850,376150,biz-gis.com
경기도,41,광주시,41610,1,339250,535650,biz-gis.com
경기도,41,안산시 단원구,41273,1,293250,522650,biz-gis.com
대전광역시,30,대덕구,30230,1,346550,427450,biz-gis.com
서울특별시,11,중구,11140,1,310350,552050,biz-gis.com
서울특별시,11,강남구,11680,1,317350,545950,biz-gis.com
경기도,41,성남시 분당구,41135,1,324650,529650,biz-gis.com
경기도,41,안산시 단원구,41273,1,289450,525350,biz-gis.com
서울특별시,11,송파구,11710,1,321850,546450,biz-gis.com
서울특별시,11,구로구,11530,1,301550,545350,biz-gis.com
경기도,41,화성시,41590,2,317550,514850,biz-gis.com
서울특별시,11,중구,11140,2,310650,552150,biz-gis.com
대전광역시,30,서구,30170,1,344450,417050,biz-gis.com
전라남도,46,목포시,46110,1,255350,247550,biz-gis.com
서울특별시,11,강남구,11680,1,314350,544150,biz-gis.com
서울특별시,11,강남구,11680,1,314350,547950,biz-gis.com
충청남도,44,당진군,44830,1,274050,487950,biz-gis.com
대구광역시,27,수성구,27260,1,456550,360250,biz-gis.com
경상남도,48,양산시,48330,1,493750,306150,biz-gis.com
대구광역시,27,달서구,27290,1,445750,360650,biz-gis.com
경기도,41,안성시,41550,1,332250,484950,biz-gis.com
서울특별시,11,영등포구,11560,1,302750,548550,biz-gis.com
서울특별시,11,송파구,11710,1,322750,542850,biz-gis.com
경기도,41,성남시 분당구,41135,2,323150,534450,biz-gis.com
충청북도,43,충주시,43130,1,391050,481450,biz-gis.com
경상남도,48,창원시 성산구,48123,1,460050,289950,biz-gis.com
경기도,41,화성시,41590,1,305450,498950,biz-gis.com
대구광역시,27,서구,27170,1,449150,363250,biz-gis.com
대전광역시,30,서구,30170,1,343050,417550,biz-gis.com
서울특별시,11,중구,11140,1,309850,551550,biz-gis.com
대전광역시,30,유성구,30200,1,347250,424050,biz-gis.com
서울특별시,11,금천구,11545,1,301250,541850,biz-gis.com
서울특별시,11,마포구,11440,1,304250,550950,biz-gis.com
경상남도,48,양산시,48330,1,493750,308350,biz-gis.com
서울특별시,11,중구,11140,1,310850,551650,biz-gis.com
서울특별시,11,영등포구,11560,2,304850,547850,biz-gis.com
서울특별시,11,중구,11140,1,310350,552250,biz-gis.com
서울특별시,11,강남구,11680,1,314850,544550,biz-gis.com
서울특별시,11,구로구,11530,3,302550,542650,biz-gis.com
충청북도,43,음성군,43770,1,354650,490150,biz-gis.com
경상남도,48,김해시,48250,1,483250,292650,biz-gis.com
경기도,41,용인시 기흥구,41463,1,321050,514450,biz-gis.com
경기도,41,안양시 만안구,41171,2,302150,534350,biz-gis.com
경기도,41,김포시,41570,1,273350,563250,biz-gis.com
경기도,41,안양시 동안구,41173,1,307150,532550,biz-gis.com
서울특별시,11,강남구,11680,1,315750,543150,biz-gis.com
울산광역시,31,남구,31140,1,521750,322750,biz-gis.com
서울특별시,11,금천구,11545,1,301650,541350,biz-gis.com
경기도,41,오산시,41370,1,316750,504750,biz-gis.com
대구광역시,27,중구,27110,2,452550,362150,biz-gis.com
서울특별시,11,영등포구,11560,2,305550,547050,biz-gis.com
경기도,41,부천시 오정구,41199,1,292450,546850,biz-gis.com
경기도,41,안산시 단원구,41273,1,292250,524150,biz-gis.com
광주광역시,29,서구,29140,1,298150,285050,biz-gis.com
경기도,41,화성시,41590,1,302750,499350,biz-gis.com
인천광역시,28,중구,28110,1,276850,542650,biz-gis.com
서울특별시,11,금천구,11545,1,301550,541850,biz-gis.com
서울특별시,11,서초구,11650,4,315650,542150,biz-gis.com
경상북도,47,포항시 남구,47111,1,524250,377050,biz-gis.com
서울특별시,11,중구,11140,1,312650,552250,biz-gis.com
서울특별시,11,강남구,11680,1,314450,546250,biz-gis.com
경상남도,48,김해시,48250,1,474750,292450,biz-gis.com
서울특별시,11,영등포구,11560,2,302350,548950,biz-gis.com
서울특별시,11,중구,11140,1,310150,551850,biz-gis.com
서울특별시,11,서초구,11650,1,313850,544150,biz-gis.com
경기도,41,용인시 처인구,41461,1,324350,504450,biz-gis.com
서울특별시,11,강서구,11500,2,299850,551150,biz-gis.com
서울특별시,11,동작구,11590,2,305050,543850,biz-gis.com
서울특별시,11,종로구,11110,1,310350,552850,biz-gis.com
경상북도,47,포항시 남구,47111,1,524350,375350,biz-gis.com
부산광역시,26,영도구,26200,1,498150,276950,biz-gis.com
부산광역시,26,사하구,26380,1,489250,275050,biz-gis.com
경기도,41,화성시,41590,1,318050,513650,biz-gis.com
경상북도,47,칠곡군,47850,1,436850,387250,biz-gis.com
경기도,41,화성시,41590,1,309750,501850,biz-gis.com
서울특별시,11,강남구,11680,1,314950,546950,biz-gis.com
전라남도,46,광양시,46230,1,364350,258850,biz-gis.com
경기도,41,파주시,41480,1,293950,574850,biz-gis.com
경기도,41,부천시 원미구,41195,1,293350,545050,biz-gis.com
서울특별시,11,서초구,11650,2,314050,544250,biz-gis.com
경기도,41,용인시 기흥구,41463,1,321450,515450,biz-gis.com
서울특별시,11,송파구,11710,3,320850,546250,biz-gis.com
충청북도,43,음성군,43770,1,378550,480950,biz-gis.com
경기도,41,화성시,41590,1,320450,512350,biz-gis.com
서울특별시,11,강남구,11680,2,314150,546750,biz-gis.com
충청북도,43,청주시 흥덕구,43113,1,350350,448850,biz-gis.com
경기도,41,용인시 처인구,41461,1,324850,504650,biz-gis.com
인천광역시,28,중구,28110,1,266650,544550,biz-gis.com
인천광역시,28,중구,28110,1,278150,540050,biz-gis.com
울산광역시,31,남구,31140,1,522750,321450,biz-gis.com
부산광역시,26,사상구,26530,1,489950,283250,biz-gis.com
부산광역시,26,남구,26290,1,498850,279150,biz-gis.com
서울특별시,11,강남구,11680,2,316150,545050,biz-gis.com
서울특별시,11,구로구,11530,1,302250,545450,biz-gis.com
인천광역시,28,남구,28170,1,282650,542050,biz-gis.com
충청남도,44,천안시 서북구,44133,1,332750,479850,biz-gis.com
경기도,41,안성시,41550,1,322750,494450,biz-gis.com
서울특별시,11,구로구,11530,1,296650,544850,biz-gis.com
경기도,41,평택시,41220,1,315350,500850,biz-gis.com
경기도,41,화성시,41590,1,310650,501850,biz-gis.com
서울특별시,11,송파구,11710,1,321150,546450,biz-gis.com
서울특별시,11,강남구,11680,1,317350,545350,biz-gis.com
서울특별시,11,송파구,11710,2,321250,545050,biz-gis.com
서울특별시,11,관악구,11620,1,306650,543250,biz-gis.com
서울특별시,11,중구,11140,1,309650,551450,biz-gis.com
서울특별시,11,중구,11140,1,309050,551350,biz-gis.com
서울특별시,11,영등포구,11560,1,304450,547850,biz-gis.com
충청북도,43,충주시,43130,1,393350,489050,biz-gis.com
충청북도,43,충주시,43130,1,394350,485050,biz-gis.com
서울특별시,11,서초구,11650,1,310650,541250,biz-gis.com
경기도,41,성남시 중원구,41133,1,325950,536850,biz-gis.com
서울특별시,11,강남구,11680,1,317050,546550,biz-gis.com
경기도,41,김포시,41570,1,277950,558250,biz-gis.com
서울특별시,11,강남구,11680,1,316150,545250,biz-gis.com
경기도,41,성남시 중원구,41133,1,327350,537450,biz-gis.com
경기도,41,안산시 단원구,41273,1,290250,523850,biz-gis.com
서울특별시,11,강남구,11680,1,317650,544850,biz-gis.com
경기도,41,성남시 분당구,41135,1,324250,530050,biz-gis.com
대구광역시,27,북구,27230,1,451650,366250,biz-gis.com
충청남도,44,논산시,44230,1,322250,391250,biz-gis.com
서울특별시,11,중구,11140,1,310550,552050,biz-gis.com
경기도,41,화성시,41590,1,303750,499050,biz-gis.com
서울특별시,11,강남구,11680,1,317750,544750,biz-gis.com
경기도,41,평택시,41220,1,318050,484650,biz-gis.com
울산광역시,31,울주군,31710,1,522950,314950,biz-gis.com
경기도,41,화성시,41590,1,319350,512950,biz-gis.com
경기도,41,용인시 처인구,41461,1,322950,505550,biz-gis.com
서울특별시,11,강남구,11680,1,314450,544550,biz-gis.com
경기도,41,안양시 동안구,41173,1,306950,530550,biz-gis.com
서울특별시,11,금천구,11545,1,301250,542350,biz-gis.com
서울특별시,11,구로구,11530,3,302650,542950,biz-gis.com
서울특별시,11,금천구,11545,2,301650,542150,biz-gis.com
서울특별시,11,강동구,11740,1,323250,548650,biz-gis.com
서울특별시,11,성동구,11200,1,316950,551350,biz-gis.com
경기도,41,화성시,41590,1,321650,506150,biz-gis.com
경기도,41,용인시 기흥구,41463,1,320450,517050,biz-gis.com
충청남도,44,연기군,44730,1,335450,449250,biz-gis.com
서울특별시,11,강남구,11680,1,313850,545450,biz-gis.com
충청북도,43,음성군,43770,1,356150,490050,biz-gis.com
인천광역시,28,남구,28170,2,281250,543150,biz-gis.com
경기도,41,안산시 단원구,41273,1,292050,523050,biz-gis.com
경상북도,47,구미시,47190,1,433750,387750,biz-gis.com
서울특별시,11,강남구,11680,1,316550,545350,biz-gis.com
서울특별시,11,강남구,11680,1,314550,545350,biz-gis.com
인천광역시,28,남동구,28200,1,284150,534350,biz-gis.com
서울특별시,11,용산구,11170,1,311550,547250,biz-gis.com
서울특별시,11,마포구,11440,1,304650,550650,biz-gis.com
경기도,41,안양시 동안구,41173,1,306450,532650,biz-gis.com
인천광역시,28,연수구,28185,1,280350,532350,biz-gis.com
서울특별시,11,강남구,11680,1,317750,544550,biz-gis.com
경기도,41,안양시 동안구,41173,1,309250,532950,biz-gis.com
서울특별시,11,강동구,11740,1,322650,547750,biz-gis.com
충청북도,43,청주시 흥덕구,43113,1,350350,449250,biz-gis.com
전라남도,46,광양시,46230,1,377650,259650,biz-gis.com
서울특별시,11,마포구,11440,1,302250,553250,biz-gis.com
서울특별시,11,서초구,11650,1,314850,540850,biz-gis.com
경기도,41,성남시 중원구,41133,1,326950,537050,biz-gis.com
경상남도,48,사천시,48240,1,412250,276550,biz-gis.com
서울특별시,11,성동구,11200,1,317450,549750,biz-gis.com
경기도,41,용인시 처인구,41461,1,325050,505150,biz-gis.com
경기도,41,오산시,41370,1,314750,507150,biz-gis.com
서울특별시,11,용산구,11170,1,308150,548650,biz-gis.com
서울특별시,11,강남구,11680,1,314050,546750,biz-gis.com
전라북도,45,익산시,45140,1,307350,371950,biz-gis.com
경기도,41,부천시 소사구,41197,1,296450,540950,biz-gis.com
서울특별시,11,동작구,11590,1,305050,543950,biz-gis.com
경상남도,48,양산시,48330,1,495450,310050,biz-gis.com
충청남도,44,서산시,44210,1,253550,490250,biz-gis.com
충청남도,44,연기군,44730,1,333550,451950,biz-gis.com
부산광역시,26,사하구,26380,1,488850,275350,biz-gis.com
경상북도,47,김천시,47150,1,412050,394650,biz-gis.com
경기도,41,부천시 원미구,41195,1,293350,544750,biz-gis.com
경상남도,48,창원시 성산구,48123,2,458350,290950,biz-gis.com
경기도,41,고양시 일산동구,41285,1,291850,562050,biz-gis.com
경기도,41,화성시,41590,1,319550,511550,biz-gis.com
서울특별시,11,서초구,11650,1,313450,544150,biz-gis.com
서울특별시,11,강서구,11500,1,299050,551150,biz-gis.com
대구광역시,27,북구,27230,1,452950,365550,biz-gis.com
서울특별시,11,강서구,11500,1,298050,549850,biz-gis.com
서울특별시,11,중구,11140,1,312250,551350,biz-gis.com
경기도,41,화성시,41590,1,317950,513650,biz-gis.com
대구광역시,27,달서구,27290,1,446150,358250,biz-gis.com
서울특별시,11,강남구,11680,1,317150,545450,biz-gis.com
경기도,41,평택시,41220,1,308750,495350,biz-gis.com
서울특별시,11,강남구,11680,1,316850,547050,biz-gis.com
경기도,41,평택시,41220,1,318350,502650,biz-gis.com
충청남도,44,연기군,44730,1,334650,451350,biz-gis.com
경기도,41,안산시 단원구,41273,1,292150,522450,biz-gis.com
서울특별시,11,강남구,11680,1,314650,544550,biz-gis.com
인천광역시,28,서구,28260,1,283550,542350,biz-gis.com
서울특별시,11,중구,11140,1,311150,551650,biz-gis.com
경기도,41,화성시,41590,1,303750,497650,biz-gis.com
경상남도,48,양산시,48330,1,508150,315050,biz-gis.com
부산광역시,26,강서구,26440,1,477750,277450,biz-gis.com
서울특별시,11,강남구,11680,1,317150,546150,biz-gis.com
서울특별시,11,서초구,11650,1,313650,542750,biz-gis.com
경상남도,48,창원시 성산구,48123,1,462850,289650,biz-gis.com
서울특별시,11,강남구,11680,1,316750,546950,biz-gis.com
인천광역시,28,부평구,28237,1,285450,547550,biz-gis.com
서울특별시,11,강동구,11740,1,322950,548950,biz-gis.com
서울특별시,11,서초구,11650,1,315950,541650,biz-gis.com
광주광역시,29,광산구,29200,1,291350,289250,biz-gis.com
경기도,41,용인시 처인구,41461,2,330250,518650,biz-gis.com
서울특별시,11,강남구,11680,1,320950,543150,biz-gis.com
인천광역시,28,서구,28260,1,282050,545050,biz-gis.com
부산광역시,26,수영구,26500,1,501750,287150,biz-gis.com
경기도,41,이천시,41500,1,346950,523950,biz-gis.com
전라북도,45,익산시,45140,1,307750,372250,biz-gis.com
강원도,42,횡성군,42730,1,417550,542850,biz-gis.com
서울특별시,11,서초구,11650,1,314350,543050,biz-gis.com
전라남도,46,나주시,46170,1,282750,269350,biz-gis.com
인천광역시,28,남동구,28200,1,285350,534850,biz-gis.com
서울특별시,11,강남구,11680,3,315450,546550,biz-gis.com
대구광역시,27,달성군,27710,1,442250,348550,biz-gis.com
대전광역시,30,유성구,30200,1,347450,423850,biz-gis.com
서울특별시,11,강남구,11680,1,314450,543950,biz-gis.com
경기도,41,용인시 기흥구,41463,1,320450,524350,biz-gis.com
서울특별시,11,금천구,11545,1,301750,541550,biz-gis.com
서울특별시,11,서초구,11650,1,310350,542150,biz-gis.com
대구광역시,27,중구,27110,1,454050,363450,biz-gis.com
대구광역시,27,달성군,27710,1,441450,347650,biz-gis.com
서울특별시,11,종로구,11110,1,310050,552850,biz-gis.com
서울특별시,11,중구,11140,2,309450,551550,biz-gis.com
경기도,41,의왕시,41430,1,307950,525150,biz-gis.com
서울특별시,11,금천구,11545,3,301550,542550,biz-gis.com
경상남도,48,창원시 성산구,48123,1,461650,288850,biz-gis.com
서울특별시,11,종로구,11110,1,310450,552950,biz-gis.com
서울특별시,11,영등포구,11560,3,305550,547250,biz-gis.com
서울특별시,11,광진구,11215,1,318550,551050,biz-gis.com
경상남도,48,김해시,48250,1,477050,304650,biz-gis.com
강원도,42,원주시,42130,1,388850,533450,biz-gis.com
서울특별시,11,강남구,11680,1,318450,544550,biz-gis.com
부산광역시,26,사상구,26530,1,490350,288850,biz-gis.com
경기도,41,부천시 원미구,41195,1,290750,546850,biz-gis.com
서울특별시,11,도봉구,11320,1,315650,563050,biz-gis.com
부산광역시,26,사하구,26380,2,488350,277350,biz-gis.com
전라남도,46,화순군,46790,1,311150,269650,biz-gis.com
경상북도,47,경산시,47290,1,474950,365950,biz-gis.com
부산광역시,26,사상구,26530,1,489250,283950,biz-gis.com
경상남도,48,밀양시,48270,1,482850,333750,biz-gis.com
울산광역시,31,울주군,31710,1,509450,345950,biz-gis.com
대전광역시,30,대덕구,30230,1,346450,427050,biz-gis.com
부산광역시,26,해운대구,26350,1,502850,286650,biz-gis.com
서울특별시,11,금천구,11545,2,301650,542550,biz-gis.com
서울특별시,11,중구,11140,1,309750,552350,biz-gis.com
경기도,41,고양시 일산동구,41285,1,293850,561550,biz-gis.com
충청남도,44,천안시 서북구,44133,1,328450,476650,biz-gis.com
부산광역시,26,강서구,26440,1,479050,277750,biz-gis.com
서울특별시,11,서초구,11650,1,312850,543850,biz-gis.com
경상남도,48,창원시 마산회원구,48127,1,454550,291350,biz-gis.com
충청남도,44,천안시 서북구,44133,1,321850,473150,biz-gis.com
서울특별시,11,송파구,11710,2,322550,544050,biz-gis.com
전라북도,45,완주군,45710,1,322550,371650,biz-gis.com
경기도,41,고양시 일산동구,41285,2,291750,562050,biz-gis.com
서울특별시,11,종로구,11110,2,310250,552450,biz-gis.com
충청남도,44,천안시 서북구,44133,1,322250,466250,biz-gis.com
서울특별시,11,중구,11140,1,312350,551850,biz-gis.com
경기도,41,성남시 중원구,41133,2,326650,536950,biz-gis.com
서울특별시,11,성동구,11200,1,317150,548650,biz-gis.com
서울특별시,11,서초구,11650,1,314250,544050,biz-gis.com
서울특별시,11,중구,11140,2,309650,551550,biz-gis.com
경상남도,48,창원시 성산구,48123,1,465150,288250,biz-gis.com
강원도,42,원주시,42130,1,386550,525650,biz-gis.com
서울특별시,11,성북구,11290,1,314950,556650,biz-gis.com
서울특별시,11,강남구,11680,2,315550,544950,biz-gis.com
경상북도,47,포항시 남구,47111,1,523750,373850,biz-gis.com
경상남도,48,창원시 성산구,48123,1,464150,288050,biz-gis.com
경기도,41,용인시 처인구,41461,1,324750,504750,biz-gis.com
경기도,41,성남시 분당구,41135,3,320950,533950,biz-gis.com
광주광역시,29,광산구,29200,1,291650,288950,biz-gis.com
서울특별시,11,금천구,11545,1,302450,542150,biz-gis.com
인천광역시,28,부평구,28237,1,287150,547050,biz-gis.com
경기도,41,안산시 단원구,41273,1,291650,523250,biz-gis.com
경기도,41,군포시,41410,1,307850,528550,biz-gis.com
경기도,41,안양시 동안구,41173,1,306550,532150,biz-gis.com
인천광역시,28,중구,28110,1,276950,542750,biz-gis.com
경상남도,48,창원시 성산구,48123,1,464450,288250,biz-gis.com
부산광역시,26,기장군,26710,1,508650,303250,biz-gis.com
서울특별시,11,중구,11140,1,311450,551450,biz-gis.com
서울특별시,11,서초구,11650,1,313650,543150,biz-gis.com
울산광역시,31,북구,31200,1,524250,330850,biz-gis.com
서울특별시,11,강남구,11680,1,315250,543650,biz-gis.com
인천광역시,28,서구,28260,1,276950,548650,biz-gis.com
경상북도,47,포항시 남구,47111,1,523850,374350,biz-gis.com
경상남도,48,창원시 성산구,48123,1,459750,291050,biz-gis.com
서울특별시,11,강남구,11680,2,315650,547650,biz-gis.com
경기도,41,화성시,41590,1,312650,505050,biz-gis.com
경기도,41,안산시 단원구,41273,1,288450,525450,biz-gis.com
경기도,41,수원시 권선구,41113,1,309250,515850,biz-gis.com
대전광역시,30,유성구,30200,1,345450,422350,biz-gis.com
서울특별시,11,마포구,11440,4,302250,553450,biz-gis.com
경기도,41,성남시 중원구,41133,1,325750,536850,biz-gis.com
서울특별시,11,송파구,11710,1,323650,545350,biz-gis.com
경기도,41,용인시 처인구,41461,1,326650,503750,biz-gis.com
서울특별시,11,금천구,11545,1,301150,543050,biz-gis.com
충청남도,44,천안시 서북구,44133,1,322050,472650,biz-gis.com
경상북도,47,칠곡군,47850,1,433450,375150,biz-gis.com
서울특별시,11,서초구,11650,1,313950,544750,biz-gis.com
충청남도,44,아산시,44200,1,320250,473550,biz-gis.com
서울특별시,11,중구,11140,1,309750,550950,biz-gis.com
서울특별시,11,서대문구,11410,1,309050,551650,biz-gis.com
서울특별시,11,중구,11140,1,309650,550650,biz-gis.com
충청북도,43,진천군,43750,1,355450,481450,biz-gis.com
경기도,41,화성시,41590,1,293450,502150,biz-gis.com
인천광역시,28,남동구,28200,1,284550,535150,biz-gis.com
서울특별시,11,영등포구,11560,1,305150,547350,biz-gis.com
서울특별시,11,강남구,11680,1,315350,545350,biz-gis.com
경상북도,47,구미시,47190,1,434250,387550,biz-gis.com
서울특별시,11,강남구,11680,1,317450,545850,biz-gis.com
서울특별시,11,영등포구,11560,1,305650,547150,biz-gis.com
경기도,41,안산시 단원구,41273,1,292850,522450,biz-gis.com
대전광역시,30,유성구,30200,1,347550,423750,biz-gis.com
경기도,41,안성시,41550,1,333050,490550,biz-gis.com
경기도,41,용인시 처인구,41461,1,333850,520150,biz-gis.com
경상북도,47,구미시,47190,1,431850,403850,biz-gis.com
충청남도,44,천안시 서북구,44133,1,330250,477650,biz-gis.com
충청남도,44,예산군,44810,1,286350,465650,biz-gis.com
경기도,41,용인시 수지구,41465,1,320850,526550,biz-gis.com
경기도,41,성남시 중원구,41133,1,327550,536850,biz-gis.com
서울특별시,11,서초구,11650,1,312350,543650,biz-gis.com
서울특별시,11,영등포구,11560,2,302550,546450,biz-gis.com
서울특별시,11,금천구,11545,1,302150,541450,biz-gis.com
서울특별시,11,서초구,11650,1,312650,543750,biz-gis.com
경상북도,47,구미시,47190,1,437250,391050,biz-gis.com
인천광역시,28,남동구,28200,1,284250,534650,biz-gis.com
경기도,41,안산시 단원구,41273,1,290350,523450,biz-gis.com
경기도,41,성남시 분당구,41135,1,322350,531750,biz-gis.com
충청남도,44,예산군,44810,1,294850,461150,biz-gis.com
경기도,41,수원시 영통구,41117,1,317050,517550,biz-gis.com
서울특별시,11,서초구,11650,1,312550,543550,biz-gis.com
경기도,41,화성시,41590,1,299050,513750,biz-gis.com
인천광역시,28,서구,28260,1,281150,543950,biz-gis.com
서울특별시,11,서초구,11650,1,313950,544850,biz-gis.com
서울특별시,11,서초구,11650,1,315050,542150,biz-gis.com
경기도,41,오산시,41370,1,319450,506750,biz-gis.com
서울특별시,11,용산구,11170,1,308850,548550,biz-gis.com
서울특별시,11,서초구,11650,1,313550,545050,biz-gis.com
제주특별자치도,50,제주시,50110,1,263250,102750,biz-gis.com
경기도,41,안산시 단원구,41273,1,288550,525750,biz-gis.com
서울특별시,11,마포구,11440,1,305150,551050,biz-gis.com
인천광역시,28,남구,28170,1,283150,542050,biz-gis.com
경기도,41,파주시,41480,1,286550,570450,biz-gis.com
서울특별시,11,서초구,11650,1,312550,542850,biz-gis.com
울산광역시,31,남구,31140,1,523050,325050,biz-gis.com
경기도,41,성남시 분당구,41135,1,321650,530850,biz-gis.com
인천광역시,28,남동구,28200,1,284950,534250,biz-gis.com
서울특별시,11,중구,11140,1,310350,551850,biz-gis.com
경기도,41,화성시,41590,1,320550,513350,biz-gis.com
대전광역시,30,서구,30170,1,343750,415750,biz-gis.com
전라남도,46,여수시,46130,1,368650,245350,biz-gis.com
인천광역시,28,서구,28260,1,283250,543150,biz-gis.com
서울특별시,11,마포구,11440,1,304550,550950,biz-gis.com
경기도,41,화성시,41590,1,298250,494450,biz-gis.com
서울특별시,11,강남구,11680,2,316650,545350,biz-gis.com
부산광역시,26,강서구,26440,1,476150,277150,biz-gis.com
대구광역시,27,달서구,27290,1,446850,358650,biz-gis.com
경기도,41,안산시 단원구,41273,1,292850,524250,biz-gis.com
경기도,41,성남시 분당구,41135,1,320950,528150,biz-gis.com
서울특별시,11,금천구,11545,1,301650,541850,biz-gis.com
서울특별시,11,영등포구,11560,1,302550,548050,biz-gis.com
경기도,41,성남시 분당구,41135,2,322650,534750,biz-gis.com
경기도,41,안산시 단원구,41273,1,290350,523550,biz-gis.com
경기도,41,안산시 단원구,41273,1,292550,524750,biz-gis.com
서울특별시,11,서초구,11650,1,311650,544550,biz-gis.com
대구광역시,27,달서구,27290,1,446050,357650,biz-gis.com
경상북도,47,포항시 남구,47111,1,521150,379050,biz-gis.com
서울특별시,11,성동구,11200,1,315750,549250,biz-gis.com
경기도,41,부천시 오정구,41199,1,290750,547050,biz-gis.com
충청남도,44,아산시,44200,1,314150,474150,biz-gis.com
서울특별시,11,종로구,11110,1,310450,552650,biz-gis.com
서울특별시,11,강남구,11680,1,317450,543950,biz-gis.com
서울특별시,11,서초구,11650,1,313350,542850,biz-gis.com
부산광역시,26,사하구,26380,1,487650,276650,biz-gis.com
울산광역시,31,남구,31140,1,520150,322250,biz-gis.com
서울특별시,11,중구,11140,1,310550,551950,biz-gis.com
경상남도,48,함안군,48730,1,433150,301850,biz-gis.com
대전광역시,30,서구,30170,1,344750,417250,biz-gis.com
서울특별시,11,강남구,11680,1,314750,544650,biz-gis.com
부산광역시,26,강서구,26440,1,477750,277250,biz-gis.com
서울특별시,11,강남구,11680,1,316350,546650,biz-gis.com
서울특별시,11,성동구,11200,1,316250,549650,biz-gis.com
부산광역시,26,영도구,26200,1,496050,277850,biz-gis.com
서울특별시,11,금천구,11545,1,301650,541050,biz-gis.com
인천광역시,28,서구,28260,1,276750,548550,biz-gis.com
충청남도,44,천안시 동남구,44131,1,321650,461850,biz-gis.com
울산광역시,31,북구,31200,1,526250,326450,biz-gis.com
경상북도,47,영천시,47230,1,484850,370050,biz-gis.com
경기도,41,성남시 분당구,41135,1,321450,530950,biz-gis.com
서울특별시,11,강남구,11680,1,317350,545550,biz-gis.com
경기도,41,군포시,41410,1,307250,529550,biz-gis.com
서울특별시,11,강남구,11680,1,315150,545650,biz-gis.com
서울특별시,11,강남구,11680,1,315950,545350,biz-gis.com
충청남도,44,아산시,44200,1,310950,465150,biz-gis.com
서울특별시,11,강동구,11740,1,323950,548450,biz-gis.com
서울특별시,11,강남구,11680,2,317550,545450,biz-gis.com
서울특별시,11,강남구,11680,2,316050,545150,biz-gis.com
인천광역시,28,부평구,28237,1,285750,547350,biz-gis.com
경기도,41,이천시,41500,1,355150,521450,biz-gis.com
경기도,41,시흥시,41390,16,286350,528550,biz-gis.com
경기도,41,용인시 처인구,41461,1,326650,502950,biz-gis.com
경상남도,48,창원시 성산구,48123,1,462950,288450,biz-gis.com
강원도,42,원주시,42130,1,395850,533650,biz-gis.com
경기도,41,안산시 단원구,41273,1,290150,525450,biz-gis.com
서울특별시,11,양천구,11470,1,300450,547850,biz-gis.com
서울특별시,11,용산구,11170,1,312350,548750,biz-gis.com
경기도,41,안산시 단원구,41273,1,292550,522850,biz-gis.com
경상남도,48,창원시 성산구,48123,1,457650,290350,biz-gis.com
경기도,41,안산시 단원구,41273,1,292750,524750,biz-gis.com
광주광역시,29,광산구,29200,1,289850,284850,biz-gis.com
서울특별시,11,중구,11140,3,309950,551150,biz-gis.com
서울특별시,11,강남구,11680,1,314350,547050,biz-gis.com
경기도,41,수원시 영통구,41117,1,315550,516950,biz-gis.com
경상남도,48,김해시,48250,1,483150,301650,biz-gis.com
서울특별시,11,강남구,11680,5,316550,545250,biz-gis.com
경기도,41,안양시 동안구,41173,1,308650,534350,biz-gis.com
경상남도,48,양산시,48330,1,493750,308750,biz-gis.com
서울특별시,11,송파구,11710,1,323250,545350,biz-gis.com
충청남도,44,천안시 동남구,44131,1,322150,462550,biz-gis.com
서울특별시,11,금천구,11545,1,301850,542550,biz-gis.com
부산광역시,26,동구,26170,1,496850,282850,biz-gis.com
부산광역시,26,금정구,26410,1,503550,294350,biz-gis.com
인천광역시,28,서구,28260,1,282150,544050,biz-gis.com
인천광역시,28,서구,28260,1,283150,542650,biz-gis.com
경상남도,48,양산시,48330,1,505750,308150,biz-gis.com
경기도,41,성남시 분당구,41135,2,321050,530750,biz-gis.com
경기도,41,성남시 분당구,41135,1,321350,526550,biz-gis.com
경기도,41,고양시 일산동구,41285,1,293150,560450,biz-gis.com
서울특별시,11,영등포구,11560,1,304850,547950,biz-gis.com
경기도,41,용인시 기흥구,41463,1,320850,520950,biz-gis.com
서울특별시,11,영등포구,11560,4,305450,547150,biz-gis.com
경기도,41,화성시,41590,1,303150,499550,biz-gis.com
경기도,41,용인시 수지구,41465,1,320550,526350,biz-gis.com
서울특별시,11,강남구,11680,1,313450,546950,biz-gis.com
울산광역시,31,울주군,31710,1,523650,313050,biz-gis.com
충청북도,43,청원군,43710,1,349150,458050,biz-gis.com
전라북도,45,군산시,45130,1,276350,375250,biz-gis.com
충청북도,43,진천군,43750,1,349250,480150,biz-gis.com
인천광역시,28,연수구,28185,1,280050,531150,biz-gis.com
인천광역시,28,부평구,28237,1,286350,547050,biz-gis.com
경상남도,48,양산시,48330,1,496450,307850,biz-gis.com
경기도,41,이천시,41500,1,344750,515750,biz-gis.com
서울특별시,11,서대문구,11410,2,308850,551850,biz-gis.com
대구광역시,27,달서구,27290,1,446850,359450,biz-gis.com
울산광역시,31,남구,31140,1,523850,326550,biz-gis.com
서울특별시,11,서초구,11650,1,312150,543050,biz-gis.com
서울특별시,11,중구,11140,1,310150,552050,biz-gis.com
경기도,41,성남시 중원구,41133,1,326850,537550,biz-gis.com
서울특별시,11,성동구,11200,1,317250,549450,biz-gis.com
서울특별시,11,금천구,11545,1,300850,542850,biz-gis.com
경기도,41,화성시,41590,1,302550,501650,biz-gis.com
서울특별시,11,영등포구,11560,1,305250,547050,biz-gis.com
인천광역시,28,남동구,28200,1,285650,539550,biz-gis.com
서울특별시,11,중구,11140,1,311250,551450,biz-gis.com
부산광역시,26,부산진구,26230,1,497350,285050,biz-gis.com
서울특별시,11,종로구,11110,1,309750,557150,biz-gis.com
부산광역시,26,강서구,26440,1,477150,276750,biz-gis.com
부산광역시,26,사하구,26380,1,489150,273050,biz-gis.com
서울특별시,11,금천구,11545,1,301050,542950,biz-gis.com
경상북도,47,영천시,47230,1,485150,370450,biz-gis.com
서울특별시,11,노원구,11350,1,318050,559950,biz-gis.com
서울특별시,11,서초구,11650,1,312850,543750,biz-gis.com
서울특별시,11,서초구,11650,1,312650,543550,biz-gis.com
서울특별시,11,강남구,11680,1,314750,546450,biz-gis.com
서울특별시,11,구로구,11530,2,302150,543250,biz-gis.com
서울특별시,11,영등포구,11560,2,305150,547450,biz-gis.com
서울특별시,11,종로구,11110,1,309550,553050,biz-gis.com
경기도,41,용인시 기흥구,41463,1,320250,517050,biz-gis.com
인천광역시,28,남동구,28200,1,285450,536150,biz-gis.com
서울특별시,11,강남구,11680,2,317550,545050,biz-gis.com
서울특별시,11,강남구,11680,1,315650,544850,biz-gis.com
서울특별시,11,강남구,11680,1,314550,546950,biz-gis.com
서울특별시,11,강남구,11680,1,316750,545550,biz-gis.com
서울특별시,11,강남구,11680,1,316950,546850,biz-gis.com
서울특별시,11,영등포구,11560,3,305150,547950,biz-gis.com
경기도,41,성남시 분당구,41135,3,321050,529750,biz-gis.com
경기도,41,이천시,41500,4,354650,516850,biz-gis.com
경기도,41,안양시 만안구,41171,1,305650,532050,biz-gis.com
경기도,41,오산시,41370,1,316450,504350,biz-gis.com
대전광역시,30,서구,30170,1,344550,416850,biz-gis.com
경기도,41,용인시 처인구,41461,1,339750,510350,biz-gis.com
서울특별시,11,송파구,11710,1,322350,545350,biz-gis.com
경기도,41,성남시 분당구,41135,1,322350,532050,biz-gis.com
서울특별시,11,금천구,11545,1,300750,542750,biz-gis.com
충청북도,43,진천군,43750,1,341250,481950,biz-gis.com
서울특별시,11,양천구,11470,3,300650,548050,biz-gis.com
경상남도,48,창원시 성산구,48123,1,462050,290250,biz-gis.com
경기도,41,군포시,41410,1,306650,530850,biz-gis.com
서울특별시,11,금천구,11545,1,301950,542150,biz-gis.com
경기도,41,광주시,41610,1,333850,530850,biz-gis.com
경기도,41,여주군,41730,1,363550,524050,biz-gis.com
인천광역시,28,부평구,28237,1,287050,546950,biz-gis.com
충청북도,43,청원군,43710,1,350650,457850,biz-gis.com
경기도,41,안산시 단원구,41273,1,289850,524450,biz-gis.com
경기도,41,평택시,41220,1,308950,495350,biz-gis.com
서울특별시,11,강남구,11680,1,314650,545750,biz-gis.com
충청남도,44,천안시 서북구,44133,1,321850,474350,biz-gis.com
서울특별시,11,영등포구,11560,3,304750,547850,biz-gis.com
경기도,41,안양시 동안구,41173,1,309150,532650,biz-gis.com
서울특별시,11,용산구,11170,1,309150,548750,biz-gis.com
경기도,41,오산시,41370,1,314750,506950,biz-gis.com
서울특별시,11,강남구,11680,1,317250,545450,biz-gis.com
경기도,41,용인시 수지구,41465,2,320450,526150,biz-gis.com
대전광역시,30,대덕구,30230,1,347450,417750,biz-gis.com
경기도,41,평택시,41220,1,308650,495250,biz-gis.com
충청남도,44,천안시 동남구,44131,1,325250,469050,biz-gis.com
서울특별시,11,서초구,11650,1,310650,541950,biz-gis.com
서울특별시,11,구로구,11530,4,302450,543350,biz-gis.com
서울특별시,11,금천구,11545,2,301250,542050,biz-gis.com
서울특별시,11,금천구,11545,1,301750,541950,biz-gis.com
경기도,41,안산시 단원구,41273,1,289650,524750,biz-gis.com
경기도,41,성남시 중원구,41133,1,326450,537050,biz-gis.com
경상남도,48,창원시 의창구,48121,1,457750,293450,biz-gis.com
인천광역시,28,남동구,28200,1,285550,534750,biz-gis.com
인천광역시,28,남동구,28200,1,285550,534850,biz-gis.com
서울특별시,11,강남구,11680,1,314950,545950,biz-gis.com
경기도,41,성남시 분당구,41135,1,323150,534650,biz-gis.com
경기도,41,화성시,41590,1,319950,513250,biz-gis.com
서울특별시,11,용산구,11170,1,311750,548550,biz-gis.com
부산광역시,26,강서구,26440,1,478650,277150,biz-gis.com
경상북도,47,경산시,47290,1,474750,363150,biz-gis.com
서울특별시,11,용산구,11170,1,312350,548650,biz-gis.com
경기도,41,안산시 단원구,41273,1,293050,522650,biz-gis.com
경기도,41,평택시,41220,1,318350,490750,biz-gis.com
대구광역시,27,달서구,27290,1,443750,360850,biz-gis.com
서울특별시,11,강남구,11680,1,316450,545250,biz-gis.com
경상북도,47,경산시,47290,1,473050,361950,biz-gis.com
인천광역시,28,연수구,28185,1,279950,531050,biz-gis.com
경상북도,47,영천시,47230,1,480950,371350,biz-gis.com
서울특별시,11,송파구,11710,1,318750,545750,biz-gis.com
부산광역시,26,연제구,26470,1,498950,288050,biz-gis.com
강원도,42,평창군,42760,1,436450,532650,biz-gis.com
울산광역시,31,남구,31140,1,520350,323050,biz-gis.com
경기도,41,용인시 처인구,41461,1,332350,508150,biz-gis.com
경기도,41,안산시 단원구,41273,1,290650,524750,biz-gis.com
경기도,41,화성시,41590,1,302950,499550,biz-gis.com
서울특별시,11,서초구,11650,1,312750,542950,biz-gis.com
서울특별시,11,강남구,11680,1,316450,545150,biz-gis.com
서울특별시,11,용산구,11170,1,309550,549250,biz-gis.com
경기도,41,안산시 단원구,41273,1,290850,525050,biz-gis.com
부산광역시,26,강서구,26440,1,475750,278350,biz-gis.com
서울특별시,11,서초구,11650,1,312450,543950,biz-gis.com
경기도,41,안산시 단원구,41273,1,287850,524850,biz-gis.com
경기도,41,안성시,41550,1,334350,486550,biz-gis.com
경기도,41,안성시,41550,1,333950,486550,biz-gis.com
경상북도,47,포항시 남구,47111,1,524850,378450,biz-gis.com
경상북도,47,포항시 남구,47111,1,523050,377450,biz-gis.com
충청북도,43,음성군,43770,1,352950,484550,biz-gis.com
경기도,41,수원시 영통구,41117,1,316950,517850,biz-gis.com
서울특별시,11,중구,11140,1,310250,552050,biz-gis.com
부산광역시,26,강서구,26440,1,476050,278250,biz-gis.com
경기도,41,안성시,41550,1,342150,493050,biz-gis.com
경기도,41,화성시,41590,1,309250,498850,biz-gis.com
서울특별시,11,서초구,11650,1,315550,542050,biz-gis.com
부산광역시,26,사상구,26530,1,489350,283250,biz-gis.com
전라북도,45,군산시,45130,1,280550,376450,biz-gis.com
서울특별시,11,서초구,11650,1,312650,544650,biz-gis.com
서울특별시,11,영등포구,11560,1,304950,547950,biz-gis.com
서울특별시,11,강남구,11680,2,314850,544650,biz-gis.com
경기도,41,용인시 처인구,41461,1,344350,508650,biz-gis.com
경상남도,48,창원시 성산구,48123,1,463450,289050,biz-gis.com
경기도,41,화성시,41590,1,303250,499150,biz-gis.com
서울특별시,11,중구,11140,1,309750,551650,biz-gis.com
서울특별시,11,영등포구,11560,1,304550,544550,biz-gis.com
부산광역시,26,연제구,26470,1,498550,287850,biz-gis.com
서울특별시,11,송파구,11710,1,323050,542650,biz-gis.com
대구광역시,27,중구,27110,1,454850,363650,biz-gis.com
서울특별시,11,구로구,11530,3,302450,543250,biz-gis.com
서울특별시,11,서초구,11650,2,314350,543650,biz-gis.com
경기도,41,평택시,41220,1,318850,491150,biz-gis.com
서울특별시,11,서초구,11650,1,313550,544250,biz-gis.com
서울특별시,11,강남구,11680,3,313750,545850,biz-gis.com
서울특별시,11,금천구,11545,2,301250,541750,biz-gis.com
서울특별시,11,송파구,11710,1,322150,544450,biz-gis.com
서울특별시,11,마포구,11440,1,306850,548650,biz-gis.com
서울특별시,11,송파구,11710,1,321350,545950,biz-gis.com
서울특별시,11,강남구,11680,1,317450,545150,biz-gis.com
충청남도,44,천안시 서북구,44133,1,326950,472950,biz-gis.com
경기도,41,안양시 동안구,41173,2,309250,532650,biz-gis.com
경기도,41,부천시 원미구,41195,1,292750,546250,biz-gis.com
경기도,41,수원시 영통구,41117,1,316450,519350,biz-gis.com
경기도,41,성남시 분당구,41135,3,321650,531050,biz-gis.com
강원도,42,홍천군,42720,1,371950,560450,biz-gis.com
인천광역시,28,남동구,28200,1,284050,533450,biz-gis.com
서울특별시,11,종로구,11110,1,309450,552550,biz-gis.com
전라북도,45,정읍시,45180,1,295350,335350,biz-gis.com
부산광역시,26,사하구,26380,1,487450,274550,biz-gis.com
서울특별시,11,강남구,11680,3,316850,545350,biz-gis.com
경상북도,47,포항시 남구,47111,1,523450,377150,biz-gis.com
서울특별시,11,강남구,11680,2,317650,545650,biz-gis.com
서울특별시,11,관악구,11620,1,309450,542050,biz-gis.com
서울특별시,11,강남구,11680,3,317050,545450,biz-gis.com
부산광역시,26,금정구,26410,1,498950,295550,biz-gis.com
경상남도,48,김해시,48250,1,474550,291150,biz-gis.com
인천광역시,28,남동구,28200,1,285450,535950,biz-gis.com
서울특별시,11,강남구,11680,1,314850,546450,biz-gis.com
서울특별시,11,중구,11140,3,310650,551950,biz-gis.com
경기도,41,성남시 분당구,41135,2,325250,534050,biz-gis.com
경기도,41,화성시,41590,1,318150,507650,biz-gis.com
전라북도,45,부안군,45800,1,284350,349750,biz-gis.com
경기도,41,양주시,41630,1,316250,580450,biz-gis.com
서울특별시,11,서초구,11650,1,311050,543550,biz-gis.com
경기도,41,안산시 단원구,41273,1,291150,522950,biz-gis.com
경기도,41,동두천시,41250,1,316850,592250,biz-gis.com
서울특별시,11,노원구,11350,1,317350,561850,biz-gis.com
부산광역시,26,강서구,26440,1,476950,277550,biz-gis.com
서울특별시,11,강남구,11680,1,314350,544350,biz-gis.com
서울특별시,11,금천구,11545,1,301550,542750,biz-gis.com
서울특별시,11,관악구,11620,1,308050,539850,biz-gis.com
대전광역시,30,대덕구,30230,1,346450,427150,biz-gis.com
서울특별시,11,강남구,11680,1,315550,542650,biz-gis.com
경기도,41,안산시 단원구,41273,1,292650,523550,biz-gis.com
광주광역시,29,광산구,29200,1,291450,291050,biz-gis.com
서울특별시,11,구로구,11530,1,302850,543050,biz-gis.com
인천광역시,28,남동구,28200,1,284350,534750,biz-gis.com
서울특별시,11,강남구,11680,1,316450,543350,biz-gis.com
서울특별시,11,광진구,11215,1,318450,551350,biz-gis.com
서울특별시,11,마포구,11440,1,304650,550750,biz-gis.com
서울특별시,11,서초구,11650,1,311850,542750,biz-gis.com
경기도,41,안산시 단원구,41273,1,288950,523950,biz-gis.com
인천광역시,28,남동구,28200,1,285650,535750,biz-gis.com
경상북도,47,구미시,47190,1,434450,390550,biz-gis.com
서울특별시,11,마포구,11440,1,305350,549750,biz-gis.com
경기도,41,이천시,41500,1,355450,514950,biz-gis.com
경기도,41,평택시,41220,1,318450,490550,biz-gis.com
경기도,41,고양시 덕양구,41281,1,300150,553650,biz-gis.com
경기도,41,안성시,41550,1,321850,493750,biz-gis.com
충청북도,43,진천군,43750,1,352050,481350,biz-gis.com
인천광역시,28,중구,28110,1,277450,540150,biz-gis.com
경상남도,48,김해시,48250,1,469550,302850,biz-gis.com
충청북도,43,충주시,43130,1,377050,501350,biz-gis.com
대전광역시,30,유성구,30200,1,347150,424650,biz-gis.com
충청북도,43,청주시 흥덕구,43113,1,350750,449050,biz-gis.com
대구광역시,27,달서구,27290,1,446150,359150,biz-gis.com
경상남도,48,의령군,48720,1,425350,302050,biz-gis.com
인천광역시,28,남동구,28200,1,284750,533050,biz-gis.com
서울특별시,11,중구,11140,1,309750,550750,biz-gis.com
경기도,41,안양시 동안구,41173,1,306650,532750,biz-gis.com
충청북도,43,청원군,43710,1,356050,463550,biz-gis.com
경기도,41,안성시,41550,1,330850,493150,biz-gis.com
대구광역시,27,달서구,27290,1,443850,359850,biz-gis.com
경기도,41,성남시 중원구,41133,2,327050,537150,biz-gis.com
경기도,41,평택시,41220,1,319750,488250,biz-gis.com
서울특별시,11,관악구,11620,1,307550,542050,biz-gis.com
충청남도,44,아산시,44200,1,317650,471250,biz-gis.com
서울특별시,11,구로구,11530,1,302250,544550,biz-gis.com
대구광역시,27,달서구,27290,1,445750,359450,biz-gis.com
충청북도,43,청원군,43710,1,349250,458150,biz-gis.com
서울특별시,11,구로구,11530,1,302350,542950,biz-gis.com
서울특별시,11,광진구,11215,2,320250,548550,biz-gis.com
경기도,41,안양시 만안구,41171,1,306150,531950,biz-gis.com
경상남도,48,창원시 성산구,48123,1,460550,289750,biz-gis.com
경기도,41,수원시 장안구,41111,1,310250,522850,biz-gis.com
서울특별시,11,영등포구,11560,1,305350,547150,biz-gis.com
경상남도,48,창원시 성산구,48123,1,462050,291950,biz-gis.com
경상남도,48,창원시 성산구,48123,1,460850,289250,biz-gis.com
인천광역시,28,남동구,28200,1,285050,535750,biz-gis.com
경기도,41,성남시 중원구,41133,1,327050,538150,biz-gis.com
경기도,41,부천시 원미구,41195,1,292650,546050,biz-gis.com
경상남도,48,함안군,48730,1,430150,301850,biz-gis.com
서울특별시,11,서초구,11650,1,312950,542650,biz-gis.com
서울특별시,11,서초구,11650,1,313750,544950,biz-gis.com
경상북도,47,경주시,47130,1,510650,364650,biz-gis.com
부산광역시,26,사하구,26380,1,488650,277150,biz-gis.com
대구광역시,27,달서구,27290,1,443450,360050,biz-gis.com
서울특별시,11,영등포구,11560,5,305550,547850,biz-gis.com
서울특별시,11,강남구,11680,3,317150,545750,biz-gis.com
경기도,41,평택시,41220,1,316850,500550,biz-gis.com
경상북도,47,경주시,47130,1,519950,341050,biz-gis.com
충청남도,44,천안시 동남구,44131,1,337050,461850,biz-gis.com
서울특별시,11,중구,11140,1,310250,551250,biz-gis.com
경기도,41,화성시,41590,1,309150,500650,biz-gis.com
인천광역시,28,서구,28260,1,276950,548350,biz-gis.com
인천광역시,28,서구,28260,1,283450,542550,biz-gis.com
서울특별시,11,구로구,11530,1,302350,542850,biz-gis.com
경기도,41,성남시 분당구,41135,1,321450,528050,biz-gis.com
부산광역시,26,서구,26140,1,492850,279850,biz-gis.com
경기도,41,성남시 분당구,41135,1,323950,534750,biz-gis.com
경기도,41,성남시 분당구,41135,1,321850,531250,biz-gis.com
경기도,41,안산시 단원구,41273,1,293150,524550,biz-gis.com
서울특별시,11,서초구,11650,1,312750,544950,biz-gis.com
서울특별시,11,서대문구,11410,1,306550,551950,biz-gis.com
대구광역시,27,달성군,27710,1,441150,348850,biz-gis.com
서울특별시,11,서초구,11650,1,311250,544450,biz-gis.com
경기도,41,평택시,41220,1,319350,492750,biz-gis.com
서울특별시,11,강남구,11680,1,313850,546650,biz-gis.com
서울특별시,11,송파구,11710,1,318850,545550,biz-gis.com
경기도,41,안산시 단원구,41273,1,293850,524250,biz-gis.com
경기도,41,평택시,41220,1,317550,493550,biz-gis.com
경기도,41,양주시,41630,1,318050,582150,biz-gis.com
인천광역시,28,남동구,28200,1,285350,534050,biz-gis.com
서울특별시,11,용산구,11170,1,309050,549050,biz-gis.com
경기도,41,용인시 기흥구,41463,1,320350,517650,biz-gis.com
경기도,41,안산시 단원구,41273,1,292250,525450,biz-gis.com
서울특별시,11,금천구,11545,1,301050,542350,biz-gis.com
서울특별시,11,중구,11140,1,309250,551550,biz-gis.com
경상북도,47,포항시 남구,47111,1,523250,377850,biz-gis.com
경기도,41,광주시,41610,1,328250,527750,biz-gis.com
경기도,41,평택시,41220,1,315350,493950,biz-gis.com
서울특별시,11,마포구,11440,1,307750,550050,biz-gis.com
충청남도,44,공주시,44150,1,323950,413750,biz-gis.com
경상남도,48,양산시,48330,1,493850,307650,biz-gis.com
부산광역시,26,부산진구,26230,1,495950,285350,biz-gis.com
서울특별시,11,중구,11140,1,309950,551550,biz-gis.com
서울특별시,11,강남구,11680,1,316650,547150,biz-gis.com
서울특별시,11,양천구,11470,1,300850,548250,biz-gis.com
대전광역시,30,대덕구,30230,1,349050,426150,biz-gis.com
경기도,41,화성시,41590,1,310750,509450,biz-gis.com
서울특별시,11,강남구,11680,1,314250,546150,biz-gis.com
서울특별시,11,동대문구,11230,1,318250,552550,biz-gis.com
경기도,41,성남시 중원구,41133,2,327150,537550,biz-gis.com
경기도,41,성남시 중원구,41133,1,326950,536850,biz-gis.com
서울특별시,11,강남구,11680,1,316950,545750,biz-gis.com
서울특별시,11,영등포구,11560,1,302950,548750,biz-gis.com
서울특별시,11,금천구,11545,1,300850,542950,biz-gis.com
서울특별시,11,강남구,11680,1,317650,546350,biz-gis.com
충청남도,44,천안시 서북구,44133,1,322350,472950,biz-gis.com
서울특별시,11,강남구,11680,1,317050,545350,biz-gis.com
서울특별시,11,강남구,11680,1,317350,546250,biz-gis.com
충청북도,43,청원군,43710,1,347150,456350,biz-gis.com
경상남도,48,창원시 성산구,48123,1,460850,290850,biz-gis.com
경상북도,47,포항시 남구,47111,1,524950,376950,biz-gis.com
대구광역시,27,동구,27140,1,460450,364650,biz-gis.com
경기도,41,화성시,41590,1,292850,494950,biz-gis.com
경기도,41,평택시,41220,1,298650,486850,biz-gis.com
대전광역시,30,중구,30140,1,345650,414250,biz-gis.com
경기도,41,성남시 분당구,41135,1,320950,530250,biz-gis.com
서울특별시,11,강남구,11680,1,315450,543050,biz-gis.com
서울특별시,11,강남구,11680,1,314750,543950,biz-gis.com
부산광역시,26,해운대구,26350,1,503550,291050,biz-gis.com
서울특별시,11,영등포구,11560,1,303750,547650,biz-gis.com
충청남도,44,당진군,44830,1,282250,486750,biz-gis.com
서울특별시,11,용산구,11170,1,308750,547050,biz-gis.com
경기도,41,성남시 중원구,41133,1,326050,539350,biz-gis.com
서울특별시,11,마포구,11440,2,306950,549750,biz-gis.com
부산광역시,26,영도구,26200,1,494850,277650,biz-gis.com
경기도,41,평택시,41220,1,318250,502750,biz-gis.com
서울특별시,11,중구,11140,1,309550,551750,biz-gis.com
경기도,41,성남시 분당구,41135,1,320950,528350,biz-gis.com
서울특별시,11,영등포구,11560,1,304950,547450,biz-gis.com
울산광역시,31,동구,31170,1,527450,323350,biz-gis.com
경상남도,48,창원시 성산구,48123,1,455650,290450,biz-gis.com
서울특별시,11,종로구,11110,1,311950,552950,biz-gis.com
인천광역시,28,동구,28140,1,279950,543450,biz-gis.com
서울특별시,11,종로구,11110,1,309750,552550,biz-gis.com
충청남도,44,아산시,44200,1,314050,464150,biz-gis.com
부산광역시,26,부산진구,26230,1,494250,284150,biz-gis.com
경기도,41,안산시 단원구,41273,1,292550,524650,biz-gis.com
서울특별시,11,영등포구,11560,1,303250,546650,biz-gis.com
부산광역시,26,사상구,26530,1,489150,284650,biz-gis.com
서울특별시,11,서대문구,11410,1,308750,551650,biz-gis.com
부산광역시,26,사하구,26380,1,487650,274250,biz-gis.com
서울특별시,11,종로구,11110,2,309450,552450,biz-gis.com
서울특별시,11,서초구,11650,2,315550,540650,biz-gis.com
서울특별시,11,구로구,11530,2,302350,542750,biz-gis.com
서울특별시,11,마포구,11440,2,307950,550650,biz-gis.com
서울특별시,11,강남구,11680,2,314650,544450,biz-gis.com
전라북도,45,익산시,45140,1,310550,372650,biz-gis.com
울산광역시,31,울주군,31710,1,508950,316150,biz-gis.com
서울특별시,11,강남구,11680,1,313650,546250,biz-gis.com
서울특별시,11,강남구,11680,1,314750,543250,biz-gis.com
경기도,41,용인시 기흥구,41463,1,320550,524250,biz-gis.com
서울특별시,11,동작구,11590,3,304650,544350,biz-gis.com
경기도,41,성남시 중원구,41133,2,326750,537150,biz-gis.com
서울특별시,11,구로구,11530,1,301950,545750,biz-gis.com
서울특별시,11,용산구,11170,1,308550,547550,biz-gis.com
충청남도,44,예산군,44810,1,286850,464150,biz-gis.com
서울특별시,11,영등포구,11560,1,302550,548550,biz-gis.com
충청남도,44,아산시,44200,1,317250,481250,biz-gis.com
서울특별시,11,강서구,11500,1,295250,550150,biz-gis.com
서울특별시,11,서초구,11650,2,314450,543650,biz-gis.com
서울특별시,11,종로구,11110,5,310150,552450,biz-gis.com
경기도,41,안양시 동안구,41173,1,307450,530150,biz-gis.com
경기도,41,안양시 만안구,41171,1,302050,534450,biz-gis.com
경상남도,48,창원시 성산구,48123,1,457650,290950,biz-gis.com
경기도,41,안성시,41550,1,333350,490750,biz-gis.com
충청남도,44,천안시 서북구,44133,1,320950,470650,biz-gis.com
경기도,41,안성시,41550,1,333350,484750,biz-gis.com
경상남도,48,김해시,48250,1,473250,299250,biz-gis.com
서울특별시,11,서초구,11650,1,314350,543750,biz-gis.com
서울특별시,11,영등포구,11560,3,304650,547150,biz-gis.com
경기도,41,파주시,41480,1,302050,574950,biz-gis.com
서울특별시,11,서초구,11650,1,311450,544550,biz-gis.com
서울특별시,11,강남구,11680,1,314450,547250,biz-gis.com
서울특별시,11,영등포구,11560,4,305050,547450,biz-gis.com
서울특별시,11,송파구,11710,1,322450,544050,biz-gis.com
경기도,41,안산시 상록구,41271,1,305450,522150,biz-gis.com
경기도,41,용인시 처인구,41461,1,330750,518250,biz-gis.com
경기도,41,용인시 기흥구,41463,1,320750,513550,biz-gis.com
서울특별시,11,서초구,11650,2,313450,543150,biz-gis.com
서울특별시,11,금천구,11545,1,301650,542350,biz-gis.com
인천광역시,28,부평구,28237,1,286750,547150,biz-gis.com
경상남도,48,진주시,48170,1,409550,285850,biz-gis.com
경기도,41,안산시 단원구,41273,1,291850,522950,biz-gis.com
충청남도,44,천안시 동남구,44131,1,340050,460050,biz-gis.com
충청북도,43,진천군,43750,1,357050,479950,biz-gis.com
부산광역시,26,수영구,26500,1,501350,282650,biz-gis.com
경상남도,48,함안군,48730,1,431350,297550,biz-gis.com
경기도,41,안산시 단원구,41273,1,290450,523650,biz-gis.com
경기도,41,성남시 분당구,41135,1,321150,533750,biz-gis.com
대전광역시,30,대덕구,30230,1,346450,427850,biz-gis.com
경기도,41,안산시 단원구,41273,1,288850,525150,biz-gis.com
서울특별시,11,중구,11140,1,309950,551350,biz-gis.com
서울특별시,11,중구,11140,2,309650,551650,biz-gis.com
경상남도,48,창원시 마산회원구,48127,1,455850,290750,biz-gis.com
부산광역시,26,영도구,26200,1,497850,276850,biz-gis.com
경기도,41,안양시 만안구,41171,1,306350,532250,biz-gis.com
서울특별시,11,강서구,11500,1,300550,550050,biz-gis.com
경기도,41,안산시 단원구,41273,1,292150,523250,biz-gis.com
서울특별시,11,강남구,11680,1,317550,546150,biz-gis.com
서울특별시,11,종로구,11110,1,310550,552650,biz-gis.com
경기도,41,안산시 단원구,41273,1,288050,524550,biz-gis.com
서울특별시,11,강남구,11680,1,315650,544950,biz-gis.com
서울특별시,11,강남구,11680,1,314350,546250,biz-gis.com
충청남도,44,천안시 서북구,44133,1,321250,473650,biz-gis.com
서울특별시,11,송파구,11710,1,324750,544550,biz-gis.com
대구광역시,27,동구,27140,1,465250,363750,biz-gis.com
서울특별시,11,중구,11140,1,310950,551450,biz-gis.com
경기도,41,성남시 분당구,41135,3,320550,531150,biz-gis.com
서울특별시,11,강동구,11740,1,324250,548050,biz-gis.com
경기도,41,부천시 오정구,41199,1,292050,546950,biz-gis.com
경상남도,48,창원시 성산구,48123,1,461950,291450,biz-gis.com
경기도,41,안산시 단원구,41273,1,291750,522550,biz-gis.com
경상북도,47,포항시 남구,47111,1,524150,377850,biz-gis.com
서울특별시,11,강남구,11680,1,317350,546150,biz-gis.com
서울특별시,11,송파구,11710,1,322550,543250,biz-gis.com
경기도,41,부천시 원미구,41195,1,290150,543950,biz-gis.com
서울특별시,11,종로구,11110,1,309250,553850,biz-gis.com
경기도,41,용인시 처인구,41461,1,330850,516550,biz-gis.com
경기도,41,화성시,41590,1,317950,513750,biz-gis.com
경기도,41,군포시,41410,1,307450,527950,biz-gis.com
부산광역시,26,사하구,26380,1,487750,277350,biz-gis.com
서울특별시,11,서초구,11650,2,315450,542750,biz-gis.com
충청북도,43,진천군,43750,1,349950,474850,biz-gis.com
경기도,41,화성시,41590,1,317950,513550,biz-gis.com
충청남도,44,홍성군,44800,1,274850,443950,biz-gis.com
경상남도,48,창원시 의창구,48121,1,464150,304250,biz-gis.com
경기도,41,안산시 단원구,41273,1,291850,523250,biz-gis.com
경기도,41,수원시 장안구,41111,1,313150,521650,biz-gis.com
경기도,41,성남시 분당구,41135,1,321350,533750,biz-gis.com
경기도,41,안성시,41550,1,328050,489650,biz-gis.com
충청남도,44,천안시 서북구,44133,1,320650,470250,biz-gis.com
서울특별시,11,강남구,11680,1,316650,545450,biz-gis.com
서울특별시,11,강서구,11500,1,297950,552250,biz-gis.com
부산광역시,26,강서구,26440,1,480850,278250,biz-gis.com
경기도,41,부천시 오정구,41199,1,293850,547850,biz-gis.com
경기도,41,김포시,41570,1,275750,562650,biz-gis.com
서울특별시,11,중구,11140,1,309550,550850,biz-gis.com
서울특별시,11,강남구,11680,1,320850,543150,biz-gis.com
경상남도,48,창원시 진해구,48129,1,472050,279950,biz-gis.com
경상남도,48,창원시 성산구,48123,1,458850,291150,biz-gis.com
서울특별시,11,서초구,11650,2,312750,543350,biz-gis.com
서울특별시,11,마포구,11440,1,303750,550150,biz-gis.com
인천광역시,28,서구,28260,1,286050,555550,biz-gis.com
전라북도,45,완주군,45710,1,322650,372250,biz-gis.com
경기도,41,화성시,41590,1,320050,510050,biz-gis.com
경기도,41,수원시 권선구,41113,1,310850,519150,biz-gis.com
서울특별시,11,강남구,11680,1,313450,547250,biz-gis.com
서울특별시,11,강남구,11680,1,314650,543550,biz-gis.com
경기도,41,성남시 분당구,41135,2,320650,533550,biz-gis.com
서울특별시,11,강남구,11680,1,314550,543850,biz-gis.com
서울특별시,11,강남구,11680,1,315450,544950,biz-gis.com
경기도,41,성남시 중원구,41133,1,326650,537050,biz-gis.com
경기도,41,수원시 영통구,41117,1,315350,521550,biz-gis.com
서울특별시,11,양천구,11470,1,300650,547550,biz-gis.com
제주특별자치도,50,제주시,50110,1,260450,100550,biz-gis.com
부산광역시,26,금정구,26410,1,497450,293350,biz-gis.com
경기도,41,안양시 동안구,41173,1,308850,533350,biz-gis.com
서울특별시,11,강남구,11680,1,314350,546650,biz-gis.com
경기도,41,안양시 만안구,41171,1,306350,531950,biz-gis.com
서울특별시,11,강동구,11740,1,322650,547950,biz-gis.com
전라북도,45,익산시,45140,1,310050,373150,biz-gis.com
전라북도,45,전주시 덕진구,45113,1,321750,360350,biz-gis.com
서울특별시,11,강남구,11680,1,313550,546850,biz-gis.com
서울특별시,11,광진구,11215,1,321350,549950,biz-gis.com
서울특별시,11,강남구,11680,1,316950,545550,biz-gis.com
서울특별시,11,동작구,11590,2,303350,543150,biz-gis.com
울산광역시,31,울주군,31710,1,521550,314650,biz-gis.com
광주광역시,29,광산구,29200,1,293150,288550,biz-gis.com
경기도,41,안산시 단원구,41273,1,291450,523450,biz-gis.com
경상북도,47,포항시 남구,47111,1,523750,376350,biz-gis.com
대전광역시,30,유성구,30200,1,347050,423750,biz-gis.com
서울특별시,11,서대문구,11410,2,308550,551350,biz-gis.com
인천광역시,28,연수구,28185,1,280750,533450,biz-gis.com
대전광역시,30,유성구,30200,1,346550,424850,biz-gis.com
서울특별시,11,마포구,11440,1,304950,550950,biz-gis.com
서울특별시,11,종로구,11110,1,310450,552750,biz-gis.com
경상북도,47,구미시,47190,1,434650,388550,biz-gis.com
경기도,41,화성시,41590,1,316350,514150,biz-gis.com
부산광역시,26,해운대구,26350,1,509150,287250,biz-gis.com
경기도,41,안산시 상록구,41271,2,296450,521650,biz-gis.com
서울특별시,11,서대문구,11410,1,308550,551750,biz-gis.com
충청남도,44,천안시 서북구,44133,1,333350,479550,biz-gis.com
충청남도,44,천안시 서북구,44133,1,327750,477150,biz-gis.com
경기도,41,광주시,41610,1,329050,527850,biz-gis.com
경기도,41,과천시,41290,3,310850,536450,biz-gis.com
충청남도,44,아산시,44200,1,312750,473050,biz-gis.com
경기도,41,성남시 중원구,41133,1,327450,537850,biz-gis.com
경기도,41,성남시 분당구,41135,1,320750,533950,biz-gis.com
경상북도,47,구미시,47190,1,440850,393350,biz-gis.com
서울특별시,11,강북구,11305,1,313850,559650,biz-gis.com
대전광역시,30,유성구,30200,1,347150,424250,biz-gis.com
경기도,41,부천시 원미구,41195,1,293150,545550,biz-gis.com
대구광역시,27,달성군,27710,3,441750,348850,biz-gis.com
경기도,41,안양시 만안구,41171,1,306050,531950,biz-gis.com
부산광역시,26,강서구,26440,1,475750,283950,biz-gis.com
충청북도,43,청원군,43710,1,349550,456350,biz-gis.com
경상북도,47,포항시 남구,47111,1,527950,378950,biz-gis.com
서울특별시,11,광진구,11215,1,320950,549450,biz-gis.com
경기도,41,부천시 오정구,41199,1,292450,547050,biz-gis.com
경기도,41,안산시 단원구,41273,1,291950,523250,biz-gis.com
서울특별시,11,영등포구,11560,1,301850,546650,biz-gis.com
전라북도,45,익산시,45140,1,313850,386750,biz-gis.com
충청북도,43,음성군,43770,1,358150,484650,biz-gis.com
서울특별시,11,종로구,11110,3,310250,552350,biz-gis.com
인천광역시,28,연수구,28185,1,281150,532250,biz-gis.com
부산광역시,26,남구,26290,1,499750,279550,biz-gis.com
경기도,41,김포시,41570,1,274550,561350,biz-gis.com
경기도,41,용인시 기흥구,41463,1,321250,522050,biz-gis.com
전라북도,45,전주시 완산구,45111,1,323050,358750,biz-gis.com
경상남도,48,밀양시,48270,1,467650,323450,biz-gis.com
대전광역시,30,대덕구,30230,1,347350,426350,biz-gis.com
서울특별시,11,송파구,11710,2,322950,544850,biz-gis.com
울산광역시,31,동구,31170,1,530750,325050,biz-gis.com
인천광역시,28,남구,28170,1,281950,542550,biz-gis.com
부산광역시,26,강서구,26440,1,477750,277950,biz-gis.com
서울특별시,11,중구,11140,1,312450,550950,biz-gis.com
서울특별시,11,송파구,11710,1,322850,544450,biz-gis.com
대구광역시,27,서구,27170,1,449750,365850,biz-gis.com
경상북도,47,영천시,47230,1,485450,370350,biz-gis.com
서울특별시,11,마포구,11440,1,307550,549750,biz-gis.com
서울특별시,11,구로구,11530,8,302650,543250,biz-gis.com
경상남도,48,창원시 성산구,48123,1,459850,290050,biz-gis.com
울산광역시,31,북구,31200,1,524050,329750,biz-gis.com
서울특별시,11,금천구,11545,1,300950,543050,biz-gis.com
경기도,41,용인시 수지구,41465,2,319950,524850,biz-gis.com
충청북도,43,청원군,43710,1,348950,433050,biz-gis.com
경기도,41,안산시 단원구,41273,1,291850,524150,biz-gis.com
서울특별시,11,영등포구,11560,3,305150,547250,biz-gis.com
충청남도,44,천안시 서북구,44133,1,321950,473350,biz-gis.com
서울특별시,11,동작구,11590,1,303450,543250,biz-gis.com
충청북도,43,청원군,43710,1,343250,433350,biz-gis.com
서울특별시,11,강남구,11680,1,314350,546750,biz-gis.com
경기도,41,성남시 분당구,41135,3,320650,533650,biz-gis.com
서울특별시,11,구로구,11530,1,302450,543150,biz-gis.com
경기도,41,성남시 분당구,41135,2,321350,526250,biz-gis.com
경상남도,48,양산시,48330,1,494950,308750,biz-gis.com
경기도,41,용인시 처인구,41461,1,340050,516650,biz-gis.com
경기도,41,용인시 수지구,41465,3,323750,526050,biz-gis.com
대구광역시,27,수성구,27260,1,456450,359350,biz-gis.com
서울특별시,11,송파구,11710,1,321150,545650,biz-gis.com
경상남도,48,사천시,48240,1,406750,274550,biz-gis.com
서울특별시,11,마포구,11440,3,301950,553750,biz-gis.com
광주광역시,29,동구,29110,1,300950,284450,biz-gis.com
서울특별시,11,중구,11140,3,310250,552250,biz-gis.com
서울특별시,11,영등포구,11560,1,305250,547450,biz-gis.com
서울특별시,11,종로구,11110,1,309250,553950,biz-gis.com
서울특별시,11,중구,11140,3,309550,551450,biz-gis.com
서울특별시,11,중구,11140,2,312150,551550,biz-gis.com
대구광역시,27,달성군,27710,1,441450,348250,biz-gis.com
서울특별시,11,동대문구,11230,1,316850,551750,biz-gis.com
서울특별시,11,영등포구,11560,1,305350,547050,biz-gis.com
서울특별시,11,마포구,11440,3,307250,549450,biz-gis.com
대전광역시,30,대덕구,30230,1,347050,418350,biz-gis.com
경기도,41,수원시 권선구,41113,1,314150,518050,biz-gis.com
대전광역시,30,중구,30140,1,348850,414350,biz-gis.com
서울특별시,11,강남구,11680,2,314550,544450,biz-gis.com
서울특별시,11,중구,11140,1,309250,551750,biz-gis.com
인천광역시,28,동구,28140,1,278850,543750,biz-gis.com
서울특별시,11,영등포구,11560,2,301950,547050,biz-gis.com
전라남도,46,순천시,46150,1,355350,265350,biz-gis.com
서울특별시,11,강남구,11680,2,317450,545750,biz-gis.com
서울특별시,11,종로구,11110,1,309750,552450,biz-gis.com
경상남도,48,김해시,48250,1,468150,302650,biz-gis.com
서울특별시,11,종로구,11110,2,310850,553250,biz-gis.com
서울특별시,11,강남구,11680,1,315650,545250,biz-gis.com
서울특별시,11,중구,11140,1,310050,551950,biz-gis.com
충청남도,44,천안시 동남구,44131,1,321750,461950,biz-gis.com
서울특별시,11,중구,11140,1,310550,552150,biz-gis.com
서울특별시,11,서초구,11650,1,311650,542650,biz-gis.com
경기도,41,화성시,41590,1,322650,505550,biz-gis.com
서울특별시,11,성동구,11200,1,316750,550150,biz-gis.com
부산광역시,26,사하구,26380,1,487550,277550,biz-gis.com
충청남도,44,예산군,44810,1,294950,461050,biz-gis.com
경기도,41,화성시,41590,1,304450,511350,biz-gis.com
서울특별시,11,서초구,11650,2,310750,541950,biz-gis.com
서울특별시,11,서초구,11650,2,313350,542950,biz-gis.com
경기도,41,안성시,41550,1,333550,484550,biz-gis.com
경기도,41,수원시 영통구,41117,1,316050,517550,biz-gis.com
경기도,41,부천시 소사구,41197,1,294150,542550,biz-gis.com
서울특별시,11,금천구,11545,1,302750,539850,biz-gis.com
경상남도,48,창원시 의창구,48121,1,456650,294450,biz-gis.com
경기도,41,김포시,41570,1,277750,567050,biz-gis.com
서울특별시,11,양천구,11470,1,297450,545750,biz-gis.com
서울특별시,11,강남구,11680,1,313850,546550,biz-gis.com
대구광역시,27,북구,27230,1,456450,368450,biz-gis.com
경기도,41,군포시,41410,2,306850,530450,biz-gis.com
인천광역시,28,연수구,28185,1,279950,530650,biz-gis.com
울산광역시,31,남구,31140,1,522850,325150,biz-gis.com
충청북도,43,음성군,43770,1,355250,488950,biz-gis.com
경기도,41,성남시 분당구,41135,1,321250,533450,biz-gis.com
서울특별시,11,중구,11140,1,310150,551450,biz-gis.com
서울특별시,11,강남구,11680,1,315550,546350,biz-gis.com
전라북도,45,장수군,45740,1,363450,349350,biz-gis.com
경기도,41,평택시,41220,1,313450,492550,biz-gis.com
경기도,41,성남시 중원구,41133,1,324250,537650,biz-gis.com
경기도,41,화성시,41590,1,302550,507450,biz-gis.com
서울특별시,11,송파구,11710,1,320950,546250,biz-gis.com
서울특별시,11,금천구,11545,1,301750,542650,biz-gis.com
경상북도,47,포항시 남구,47111,2,523850,376950,biz-gis.com
서울특별시,11,송파구,11710,1,321350,546150,biz-gis.com
서울특별시,11,강남구,11680,1,320750,543250,biz-gis.com
충청북도,43,청주시 흥덕구,43113,1,351250,448950,biz-gis.com
대구광역시,27,달성군,27710,1,440650,342750,biz-gis.com
서울특별시,11,강남구,11680,1,316550,547350,biz-gis.com
대전광역시,30,대덕구,30230,1,350250,417250,biz-gis.com
경기도,41,김포시,41570,1,287350,558650,biz-gis.com
부산광역시,26,기장군,26710,1,503250,300650,biz-gis.com
서울특별시,11,금천구,11545,1,301450,542350,biz-gis.com
서울특별시,11,구로구,11530,1,302250,543150,biz-gis.com
서울특별시,11,중구,11140,1,309450,551450,biz-gis.com
경기도,41,성남시 분당구,41135,1,322750,534950,biz-gis.com
서울특별시,11,서초구,11650,1,315250,541450,biz-gis.com
경상남도,48,양산시,48330,1,493950,308450,biz-gis.com
서울특별시,11,금천구,11545,2,301350,542050,biz-gis.com
인천광역시,28,부평구,28237,1,286650,546950,biz-gis.com
경기도,41,성남시 중원구,41133,1,327550,538050,biz-gis.com
인천광역시,28,연수구,28185,1,280350,531150,biz-gis.com
충청남도,44,천안시 서북구,44133,1,322450,470650,biz-gis.com
경기도,41,성남시 중원구,41133,1,327150,537050,biz-gis.com
경상남도,48,김해시,48250,1,483250,293550,biz-gis.com
서울특별시,11,종로구,11110,2,309350,552450,biz-gis.com
경상남도,48,양산시,48330,1,505350,312150,biz-gis.com
경상북도,47,경주시,47130,1,509350,349950,biz-gis.com
부산광역시,26,남구,26290,1,500950,281850,biz-gis.com
서울특별시,11,강남구,11680,1,316750,545850,biz-gis.com
경기도,41,성남시 중원구,41133,1,326850,538150,biz-gis.com
경상북도,47,영주시,47210,1,453050,469750,biz-gis.com
서울특별시,11,중구,11140,1,309450,551250,biz-gis.com
경상북도,47,포항시 남구,47111,1,523950,376350,biz-gis.com
경기도,41,화성시,41590,1,302950,499650,biz-gis.com
경기도,41,수원시 팔달구,41115,1,314550,518150,biz-gis.com
서울특별시,11,강남구,11680,1,315950,545250,biz-gis.com
경상북도,47,구미시,47190,1,433150,388350,biz-gis.com
충청남도,44,공주시,44150,1,307750,439550,biz-gis.com
서울특별시,11,서초구,11650,1,313850,542850,biz-gis.com
서울특별시,11,구로구,11530,1,302450,542750,biz-gis.com
경상남도,48,사천시,48240,1,404050,273350,biz-gis.com
경기도,41,화성시,41590,1,301950,507550,biz-gis.com
충청남도,44,금산군,44710,1,355050,402550,biz-gis.com
경기도,41,안산시 단원구,41273,1,287750,524450,biz-gis.com
경기도,41,고양시 일산동구,41285,1,295550,565950,biz-gis.com
경기도,41,화성시,41590,2,311750,510350,biz-gis.com
충청남도,44,아산시,44200,1,300350,475450,biz-gis.com
서울특별시,11,금천구,11545,1,301850,541250,biz-gis.com
경상북도,47,구미시,47190,1,433150,387950,biz-gis.com
부산광역시,26,사상구,26530,1,489450,287350,biz-gis.com
대전광역시,30,유성구,30200,1,344450,423150,biz-gis.com
서울특별시,11,강남구,11680,1,316850,545250,biz-gis.com
서울특별시,11,강남구,11680,2,315050,544850,biz-gis.com
서울특별시,11,금천구,11545,1,301550,541750,biz-gis.com
경기도,41,용인시 기흥구,41463,1,320550,524450,biz-gis.com
부산광역시,26,서구,26140,1,493650,278050,biz-gis.com
서울특별시,11,종로구,11110,1,312050,553050,biz-gis.com
서울특별시,11,서초구,11650,1,313550,546250,biz-gis.com
경상북도,47,구미시,47190,2,436650,390450,biz-gis.com
경상남도,48,양산시,48330,1,493650,310250,biz-gis.com
경상북도,47,구미시,47190,1,433450,390350,biz-gis.com
경기도,41,성남시 분당구,41135,1,321750,528850,biz-gis.com
경기도,41,화성시,41590,1,301450,510150,biz-gis.com
전라남도,46,여수시,46130,1,368850,245550,biz-gis.com
경기도,41,안성시,41550,1,333250,491250,biz-gis.com
서울특별시,11,중구,11140,1,309250,551650,biz-gis.com
서울특별시,11,금천구,11545,1,301250,542450,biz-gis.com
인천광역시,28,남동구,28200,1,285350,533650,biz-gis.com
서울특별시,11,금천구,11545,1,301850,542050,biz-gis.com
울산광역시,31,남구,31140,1,521850,322850,biz-gis.com
서울특별시,11,송파구,11710,1,323050,544950,biz-gis.com
서울특별시,11,강남구,11680,1,317550,546050,biz-gis.com
전라남도,46,여수시,46130,1,363950,232350,biz-gis.com
인천광역시,28,남동구,28200,1,285350,535750,biz-gis.com
경기도,41,성남시 분당구,41135,1,321850,531050,biz-gis.com
경기도,41,화성시,41590,1,317650,513750,biz-gis.com
서울특별시,11,영등포구,11560,1,303950,546750,biz-gis.com
서울특별시,11,강서구,11500,1,298650,551050,biz-gis.com
경기도,41,성남시 분당구,41135,1,321950,528450,biz-gis.com
서울특별시,11,서초구,11650,1,313050,543250,biz-gis.com
서울특별시,11,서초구,11650,1,313250,544050,biz-gis.com
서울특별시,11,송파구,11710,1,321850,546050,biz-gis.com
경기도,41,성남시 분당구,41135,1,322550,532050,biz-gis.com
경상남도,48,함안군,48730,1,431250,298550,biz-gis.com
충청남도,44,연기군,44730,1,328050,453750,biz-gis.com
서울특별시,11,강남구,11680,1,315650,545050,biz-gis.com
경기도,41,안산시 단원구,41273,1,289250,524650,biz-gis.com
경기도,41,안산시 단원구,41273,1,291850,525450,biz-gis.com
인천광역시,28,남구,28170,1,280950,538750,biz-gis.com
서울특별시,11,강남구,11680,2,314450,543850,biz-gis.com
부산광역시,26,중구,26110,1,494750,278950,biz-gis.com
부산광역시,26,연제구,26470,1,498950,288150,biz-gis.com
서울특별시,11,서초구,11650,1,312850,542650,biz-gis.com
서울특별시,11,동작구,11590,1,304950,543750,biz-gis.com
경기도,41,화성시,41590,1,302550,499550,biz-gis.com
서울특별시,11,서초구,11650,1,311750,542350,biz-gis.com
경기도,41,안산시 단원구,41273,1,288250,524250,biz-gis.com
경기도,41,화성시,41590,1,298350,507250,biz-gis.com
인천광역시,28,연수구,28185,1,280050,531350,biz-gis.com
경기도,41,성남시 수정구,41131,1,323050,537250,biz-gis.com
경기도,41,용인시 기흥구,41463,1,317750,518750,biz-gis.com
경기도,41,화성시,41590,1,298050,494650,biz-gis.com
서울특별시,11,강남구,11680,7,316950,545950,biz-gis.com
서울특별시,11,서초구,11650,1,312950,543450,biz-gis.com
광주광역시,29,서구,29140,1,298150,285150,biz-gis.com
대구광역시,27,달서구,27290,1,443650,360050,biz-gis.com
서울특별시,11,강남구,11680,1,314650,546050,biz-gis.com
경기도,41,안산시 단원구,41273,1,287550,524150,biz-gis.com
경기도,41,화성시,41590,1,323150,509050,biz-gis.com
광주광역시,29,동구,29110,1,301150,284150,biz-gis.com
서울특별시,11,강남구,11680,1,314850,544850,biz-gis.com
서울특별시,11,중구,11140,3,311050,551550,biz-gis.com
경기도,41,안성시,41550,1,350650,490550,biz-gis.com
서울특별시,11,마포구,11440,1,304750,551050,biz-gis.com
서울특별시,11,강남구,11680,1,315350,544250,biz-gis.com
서울특별시,11,동대문구,11230,1,314150,552850,biz-gis.com
부산광역시,26,사하구,26380,1,488850,277050,biz-gis.com
경기도,41,성남시 중원구,41133,2,327150,537450,biz-gis.com
서울특별시,11,강남구,11680,1,315550,545750,biz-gis.com
서울특별시,11,광진구,11215,1,319950,548450,biz-gis.com
충청남도,44,천안시 서북구,44133,1,329950,476050,biz-gis.com
서울특별시,11,영등포구,11560,2,306450,546950,biz-gis.com
경상남도,48,양산시,48330,1,496150,308350,biz-gis.com
강원도,42,횡성군,42730,1,400650,543050,biz-gis.com
울산광역시,31,북구,31200,1,523950,332050,biz-gis.com
서울특별시,11,송파구,11710,2,323250,545450,biz-gis.com
서울특별시,11,용산구,11170,1,309350,550250,biz-gis.com
인천광역시,28,부평구,28237,1,285650,547550,biz-gis.com
인천광역시,28,서구,28260,1,283850,542650,biz-gis.com
서울특별시,11,강남구,11680,3,314950,546750,biz-gis.com
서울특별시,11,강남구,11680,1,314250,546450,biz-gis.com
서울특별시,11,강남구,11680,1,316750,546650,biz-gis.com
경기도,41,화성시,41590,1,292750,509850,biz-gis.com
경기도,41,의왕시,41430,1,308550,528650,biz-gis.com
충청남도,44,아산시,44200,1,298550,468350,biz-gis.com
서울특별시,11,중구,11140,1,309750,551250,biz-gis.com
서울특별시,11,강남구,11680,1,316250,545250,biz-gis.com
서울특별시,11,강남구,11680,1,316750,545650,biz-gis.com
경기도,41,평택시,41220,1,298250,484350,biz-gis.com
서울특별시,11,서초구,11650,1,314450,543850,biz-gis.com
경기도,41,화성시,41590,1,309850,500250,biz-gis.com
경기도,41,부천시 원미구,41195,1,292950,545450,biz-gis.com
경기도,41,안산시 단원구,41273,1,293150,522350,biz-gis.com
경기도,41,군포시,41410,1,306750,530750,biz-gis.com
인천광역시,28,남동구,28200,1,286050,533250,biz-gis.com
전라남도,46,목포시,46110,1,252350,244850,biz-gis.com
서울특별시,11,동작구,11590,1,304850,544750,biz-gis.com
충청남도,44,아산시,44200,1,316350,474650,biz-gis.com
서울특별시,11,영등포구,11560,1,303050,543250,biz-gis.com
서울특별시,11,중구,11140,1,310050,552150,biz-gis.com
경기도,41,남양주시,41360,1,325150,557350,biz-gis.com
경기도,41,화성시,41590,1,302650,498550,biz-gis.com
경상남도,48,고성군,48820,1,443850,272750,biz-gis.com
경기도,41,부천시 오정구,41199,1,291750,547450,biz-gis.com
경상남도,48,창원시 성산구,48123,1,460850,291150,biz-gis.com
경기도,41,수원시 영통구,41117,1,316350,518250,biz-gis.com
경기도,41,안양시 만안구,41171,1,303150,534050,biz-gis.com
대구광역시,27,달서구,27290,1,446750,359650,biz-gis.com
경상북도,47,포항시 남구,47111,1,524250,378450,biz-gis.com
서울특별시,11,마포구,11440,1,305350,550650,biz-gis.com
경기도,41,안산시 단원구,41273,1,290650,524450,biz-gis.com
경기도,41,수원시 영통구,41117,1,316150,516450,biz-gis.com
충청남도,44,천안시 동남구,44131,1,335850,463050,biz-gis.com
충청북도,43,충주시,43130,1,393050,489050,biz-gis.com
대구광역시,27,수성구,27260,1,455950,362350,biz-gis.com
경기도,41,부천시 소사구,41197,1,290050,543250,biz-gis.com
경기도,41,성남시 분당구,41135,1,322050,531350,biz-gis.com
경상남도,48,양산시,48330,1,504850,308250,biz-gis.com
대구광역시,27,달서구,27290,1,444750,361150,biz-gis.com
경기도,41,동두천시,41250,1,317550,593650,biz-gis.com
대구광역시,27,달성군,27710,1,441250,343150,biz-gis.com
충청북도,43,음성군,43770,1,357750,484050,biz-gis.com
경기도,41,파주시,41480,1,286350,575850,biz-gis.com
경기도,41,안산시 단원구,41273,1,291250,522950,biz-gis.com
서울특별시,11,성동구,11200,1,317050,549650,biz-gis.com
서울특별시,11,중구,11140,1,310050,551350,biz-gis.com
서울특별시,11,금천구,11545,1,301550,542050,biz-gis.com
경기도,41,안산시 단원구,41273,1,291150,522850,biz-gis.com
경기도,41,성남시 분당구,41135,1,322550,531850,biz-gis.com
인천광역시,28,부평구,28237,1,286050,547550,biz-gis.com
경기도,41,평택시,41220,1,319550,492150,biz-gis.com
경기도,41,성남시 분당구,41135,1,321450,533550,biz-gis.com
서울특별시,11,강동구,11740,1,324250,548950,biz-gis.com
충청북도,43,진천군,43750,1,351350,475050,biz-gis.com
경기도,41,수원시 영통구,41117,1,316750,516950,biz-gis.com
경기도,41,안산시 단원구,41273,1,290350,525450,biz-gis.com
서울특별시,11,용산구,11170,3,309050,547950,biz-gis.com
서울특별시,11,강남구,11680,2,315150,544550,biz-gis.com
서울특별시,11,서초구,11650,1,311350,543050,biz-gis.com
경기도,41,부천시 원미구,41195,1,289250,546050,biz-gis.com
대전광역시,30,대덕구,30230,1,347450,419050,biz-gis.com
서울특별시,11,영등포구,11560,1,303350,543350,biz-gis.com
서울특별시,11,금천구,11545,1,301250,542750,biz-gis.com
전라북도,45,군산시,45130,1,276150,375050,biz-gis.com
서울특별시,11,관악구,11620,1,308350,542150,biz-gis.com
경기도,41,안산시 단원구,41273,1,287950,524350,biz-gis.com
경상남도,48,창원시 진해구,48129,1,465350,279050,biz-gis.com
인천광역시,28,남동구,28200,1,284550,534450,biz-gis.com
서울특별시,11,마포구,11440,2,308450,550250,biz-gis.com
인천광역시,28,남동구,28200,1,284550,535050,biz-gis.com
경기도,41,광주시,41610,1,339650,529650,biz-gis.com
경기도,41,광주시,41610,1,340950,525950,biz-gis.com
서울특별시,11,강남구,11680,1,314850,547750,biz-gis.com
대구광역시,27,달성군,27710,1,442650,348050,biz-gis.com
경상남도,48,창원시 마산회원구,48127,1,446850,294450,biz-gis.com
충청북도,43,청원군,43710,1,341650,442450,biz-gis.com
경기도,41,평택시,41220,1,298050,486050,biz-gis.com
인천광역시,28,남동구,28200,1,285350,535450,biz-gis.com
전라북도,45,완주군,45710,1,321450,371950,biz-gis.com
경기도,41,안산시 단원구,41273,1,290650,524150,biz-gis.com
경상남도,48,창원시 의창구,48121,1,456250,294150,biz-gis.com
서울특별시,11,중구,11140,1,309550,551650,biz-gis.com
서울특별시,11,서초구,11650,1,311950,544850,biz-gis.com
경기도,41,안양시 동안구,41173,1,307050,530350,biz-gis.com
충청북도,43,증평군,43785,1,366350,463650,biz-gis.com
서울특별시,11,강남구,11680,1,316450,543450,biz-gis.com
충청남도,44,아산시,44200,1,316950,481950,biz-gis.com
서울특별시,11,강남구,11680,1,317350,544550,biz-gis.com
경기도,41,부천시 오정구,41199,1,291450,547950,biz-gis.com
서울특별시,11,동작구,11590,1,305850,546150,biz-gis.com
서울특별시,11,강남구,11680,1,316050,541850,biz-gis.com
경상남도,48,함안군,48730,1,431950,300450,biz-gis.com
충청남도,44,논산시,44230,1,323250,391850,biz-gis.com
서울특별시,11,강남구,11680,2,314550,543650,biz-gis.com
서울특별시,11,중구,11140,1,310350,551950,biz-gis.com
대전광역시,30,유성구,30200,1,347550,424350,biz-gis.com
서울특별시,11,마포구,11440,1,307750,549950,biz-gis.com
서울특별시,11,서초구,11650,1,312650,544750,biz-gis.com
경기도,41,동두천시,41250,1,313350,589850,biz-gis.com
경기도,41,안산시 단원구,41273,1,293850,522950,biz-gis.com
충청남도,44,공주시,44150,1,314650,427750,biz-gis.com
충청북도,43,청원군,43710,1,359850,461150,biz-gis.com
서울특별시,11,서대문구,11410,1,308650,551350,biz-gis.com
서울특별시,11,서초구,11650,1,315050,542350,biz-gis.com
충청남도,44,천안시 동남구,44131,1,320950,458950,biz-gis.com
경기도,41,안산시 단원구,41273,1,288850,525550,biz-gis.com
서울특별시,11,중구,11140,1,310650,552050,biz-gis.com
전라북도,45,전주시 덕진구,45113,1,322450,360050,biz-gis.com
서울특별시,11,서초구,11650,3,313550,546150,biz-gis.com
서울특별시,11,중구,11140,1,309550,550950,biz-gis.com
경기도,41,평택시,41220,1,318250,490050,biz-gis.com
서울특별시,11,종로구,11110,1,310550,552750,biz-gis.com
서울특별시,11,영등포구,11560,1,304650,547850,biz-gis.com
대구광역시,27,달서구,27290,1,445450,360650,biz-gis.com
충청남도,44,서산시,44210,1,258850,490650,biz-gis.com
경기도,41,안성시,41550,1,334150,486850,biz-gis.com
서울특별시,11,강남구,11680,1,314950,544050,biz-gis.com
경기도,41,평택시,41220,1,316650,500550,biz-gis.com
경기도,41,안산시 단원구,41273,1,292750,524850,biz-gis.com
충청남도,44,아산시,44200,1,317450,459750,biz-gis.com
충청남도,44,아산시,44200,1,315650,474650,biz-gis.com
경기도,41,화성시,41590,1,320450,506850,biz-gis.com
부산광역시,26,중구,26110,1,494850,279450,biz-gis.com
충청남도,44,천안시 서북구,44133,1,325150,478150,biz-gis.com
대구광역시,27,달서구,27290,1,445550,361050,biz-gis.com
전라남도,46,순천시,46150,1,355050,264950,biz-gis.com
충청남도,44,아산시,44200,1,314950,473150,biz-gis.com
충청북도,43,청원군,43710,1,347350,456050,biz-gis.com
경기도,41,안산시 단원구,41273,1,291650,523750,biz-gis.com
충청북도,43,청원군,43710,1,358150,460150,biz-gis.com
인천광역시,28,계양구,28245,1,286050,547750,biz-gis.com
경기도,41,양주시,41630,1,309350,581950,biz-gis.com
충청남도,44,당진군,44830,1,291750,483750,biz-gis.com
서울특별시,11,강서구,11500,1,294650,552950,biz-gis.com
부산광역시,26,사하구,26380,1,487950,276950,biz-gis.com
서울특별시,11,영등포구,11560,1,304950,547250,biz-gis.com
울산광역시,31,동구,31170,1,529750,327650,biz-gis.com
경상남도,48,사천시,48240,1,406050,275350,biz-gis.com
대전광역시,30,대덕구,30230,1,348450,424750,biz-gis.com
경기도,41,용인시 기흥구,41463,1,320250,517850,biz-gis.com
서울특별시,11,구로구,11530,1,299450,545450,biz-gis.com
서울특별시,11,영등포구,11560,1,305250,547350,biz-gis.com
서울특별시,11,종로구,11110,2,310750,553350,biz-gis.com
대구광역시,27,북구,27230,1,452150,366550,biz-gis.com
경상북도,47,구미시,47190,1,435050,391350,biz-gis.com
서울특별시,11,서초구,11650,1,312350,542250,biz-gis.com
경기도,41,부천시 오정구,41199,1,290950,547050,biz-gis.com
경기도,41,성남시 분당구,41135,1,320550,533850,biz-gis.com
