MEGA_NM,MEGA_CD,CTY_NM,CTY_CD,X_AXIS,Y_AXIS,SCHOOL_NM,배포처
경상남도,48,김해시,48250,479587,297021,가야대학교,biz-gis.com
경기도,41,부천시 원미구,41195,294087,543564,가톨릭대학교,biz-gis.com
서울특별시,11,종로구,11110,312284,554215,가톨릭대학교,biz-gis.com
서울특별시,11,서대문구,11410,308509,552197,감리교신학대학교,biz-gis.com
충청북도,43,음성군,43770,368937,504543,강동대학,biz-gis.com
강원도,42,강릉시,42150,475654,571911,강릉영동대학,biz-gis.com
강원도,42,원주시,42130,476751,574544,강릉원주대학교,biz-gis.com
강원도,42,춘천시,42110,377708,585225,강원대학교,biz-gis.com
강원도,42,강릉시,42150,473247,586357,강원도립대학,biz-gis.com
충청북도,43,충주시,43130,391927,483079,건국대학교(충주),biz-gis.com
서울특별시,11,광진구,11215,318599,549299,건국대학교,biz-gis.com
충청남도,44,논산시,44230,320010,398331,건양대학교,biz-gis.com
대전광역시,30,서구,30170,341211,411985,건양대학교,biz-gis.com
경기도,41,수원시 영통구,41117,314748,522514,경기대학교,biz-gis.com
경상남도,48,진주시,48170,408760,286870,경남과학기술대학교,biz-gis.com
경상남도,48,거창군,48880,392350,341618,경남도립거창대학,biz-gis.com
강원도,42,고성군,42820,448825,627576,경동대학교,biz-gis.com
경상북도,47,칠곡군,47850,431431,375872,경북과학대학,biz-gis.com
경상북도,47,상주시,47250,413239,419688,경북대학교,biz-gis.com
경상북도,47,영주시,47210,454965,467250,경북전문대학,biz-gis.com
경상남도,48,진주시,48170,409335,283635,경상대학교,biz-gis.com
경상북도,47,구미시,47190,442272,396578,경운대학교,biz-gis.com
경기도,41,안양시 만안구,41171,304374,537346,경인교육대학교,biz-gis.com
경상북도,47,경주시,47130,505204,359534,경주대학교,biz-gis.com
서울특별시,11,동대문구,11230,316592,555316,경희대학교,biz-gis.com
대구광역시,27,달서구,27290,444409,362295,계명문화대학,biz-gis.com
전라남도,46,나주시,46170,276894,268492,고구려대학,biz-gis.com
충청남도,44,연기군,44730,336547,445759,고려대학교(세종),biz-gis.com
부산광역시,26,영도구,26200,497108,276094,고신대학교,biz-gis.com
충청남도,44,공주시,44150,323189,430195,공주대학교,biz-gis.com
광주광역시,29,북구,29170,298723,291356,광신대학교,biz-gis.com
전라남도,46,광양시,46230,360681,261844,광양보건대학,biz-gis.com
광주광역시,29,북구,29170,294743,292716,광주과학기술원,biz-gis.com
광주광역시,29,남구,29155,299506,279249,광주대학교,biz-gis.com
경상북도,47,구미시,47190,426168,394493,구미1대학,biz-gis.com
경기도,41,평택시,41220,318527,496346,국제대학,biz-gis.com
전라북도,45,군산시,45130,288366,375237,군산간호대학,biz-gis.com
서울특별시,11,강서구,11500,298959,550212,그리스도대학교,biz-gis.com
경상북도,47,구미시,47190,435535,393956,금오공과대학교,biz-gis.com
광주광역시,29,남구,29155,301429,282710,기독간호대학,biz-gis.com
경상북도,47,김천시,47150,407362,393120,김천대학교,biz-gis.com
경상남도,48,김해시,48250,483276,295327,김해대학,biz-gis.com
충청남도,44,천안시 서북구,44133,321627,466466,나사렛대학교,biz-gis.com
충청남도,44,천안시 서북구,44133,323819,478948,남서울대학교,biz-gis.com
충청남도,44,천안시 동남구,44131,326049,471003,단국대학교(천안),biz-gis.com
경기도,41,용인시 수지구,41465,322942,524724,단국대학교,biz-gis.com
경상북도,47,경산시,47290,473104,368320,대구가톨릭대학교,biz-gis.com
대구광역시,27,달성군,27710,441512,345056,대구경북과학기술원,biz-gis.com
대구광역시,27,북구,27230,449209,370071,대구과학대학,biz-gis.com
대구광역시,27,남구,27200,453386,361471,대구교육대학교,biz-gis.com
대구광역시,27,북구,27230,449236,369852,대구보건대학,biz-gis.com
대구광역시,27,수성구,27260,458687,361710,대구산업정보대학,biz-gis.com
대구광역시,27,수성구,27260,455128,359878,대구한의대학교,biz-gis.com
부산광역시,26,금정구,26410,499931,292791,대동대학,biz-gis.com
경상북도,47,경산시,47290,467485,356263,대신대학교,biz-gis.com
충청남도,44,연기군,44730,328318,450761,대전가톨릭대학교,biz-gis.com
대전광역시,30,대덕구,30230,348453,416807,대전신학대학교,biz-gis.com
광주광역시,29,북구,29170,302180,286191,동강대학,biz-gis.com
경상북도,47,경주시,47130,508060,363389,동국대학교(경주),biz-gis.com
서울특별시,11,성북구,11290,315595,556424,동덕여자대학교,biz-gis.com
부산광역시,26,사상구,26530,492264,283285,동서대학교,biz-gis.com
부산광역시,26,사하구,26380,488329,280089,동아대학교,biz-gis.com
경기도,41,안성시,41550,343235,495492,동아방송예술대학,biz-gis.com
서울특별시,11,구로구,11530,300065,544873,동양미래대학,biz-gis.com
경기도,41,광주시,41610,347101,525277,동원대학,biz-gis.com
경기도,41,안성시,41550,348834,496021,두원공과대학,biz-gis.com
서울특별시,11,서대문구,11410,306917,554203,디지털서울문화예술대학교,biz-gis.com
전라남도,46,순천시,46150,344383,250316,명신대학교,biz-gis.com
대전광역시,30,서구,30170,340800,413978,목원대학교,biz-gis.com
전라남도,46,목포시,46110,254711,246615,목포과학대학,biz-gis.com
전라남도,46,무안군,46840,257231,257786,목포대학교,biz-gis.com
대전광역시,30,서구,30170,343293,413508,배재대학교,biz-gis.com
충청남도,44,천안시 동남구,44131,327277,471045,백석문화대학,biz-gis.com
전라북도,45,완주군,45710,321543,377753,백제예술대학,biz-gis.com
부산광역시,26,금정구,26410,500136,294576,부산가톨릭대학교,biz-gis.com
부산광역시,26,사상구,26530,492282,283538,부산디지털대학교,biz-gis.com
부산광역시,26,부산진구,26230,497912,286090,부산여자대학,biz-gis.com
부산광역시,26,남구,26290,498936,281151,부산외국어대학교,biz-gis.com
부산광역시,26,북구,26320,491659,288859,부산정보대학,biz-gis.com
서울특별시,11,노원구,11350,321237,560417,삼육대학교,biz-gis.com
충청남도,44,천안시 동남구,44131,326980,470509,상명대학교(천안),biz-gis.com
서울특별시,11,종로구,11110,308003,556109,상명대학교,biz-gis.com
강원도,42,원주시,42130,393880,529792,상지영서대학,biz-gis.com
전라북도,45,남원시,45190,342887,316666,서남대학교,biz-gis.com
광주광역시,29,북구,29170,297229,286930,서영대학,biz-gis.com
서울특별시,11,서초구,11650,313224,543552,서울교육대학교,biz-gis.com
서울특별시,11,관악구,11620,307586,540901,서울대학교,biz-gis.com
서울특별시,11,강북구,11305,314314,559039,서울사이버대학교,biz-gis.com
서울특별시,11,동대문구,11230,316939,553885,서울시립대학교,biz-gis.com
서울특별시,11,노원구,11350,319946,558742,서울여자대학교,biz-gis.com
경기도,41,광주시,41610,333475,534443,서울장신대학교,biz-gis.com
경기도,41,양주시,41630,315552,584248,서정대학,biz-gis.com
충청남도,44,아산시,44200,317481,466752,선문대학교,biz-gis.com
서울특별시,11,종로구,11110,311335,554418,성균관대학교_인문사회과학캠퍼스,biz-gis.com
경상북도,47,영천시,47230,468830,385137,성덕대학,biz-gis.com
강원도,42,영월군,42750,440403,508248,세경대학,biz-gis.com
서울특별시,11,광진구,11215,318257,550550,세종사이버대학교,biz-gis.com
강원도,42,춘천시,42110,369547,576650,송곡대학,biz-gis.com
광주광역시,29,남구,29155,297585,279465,송원대학교,biz-gis.com
경기도,41,화성시,41590,305621,510738,수원가톨릭대학교,biz-gis.com
경기도,41,화성시,41590,309340,512404,수원대학교,biz-gis.com
충청북도,43,제천시,43150,415130,478099,순복음총회신학교,biz-gis.com
충청남도,44,아산시,44200,304811,463721,순천향대학교,biz-gis.com
서울특별시,11,동작구,11590,307997,544315,숭실대학교,biz-gis.com
경기도,41,화성시,41590,297221,511887,신경대학교,biz-gis.com
부산광역시,26,사상구,26530,491096,285982,신라대학교,biz-gis.com
경기도,41,안산시 단원구,41273,294475,523959,신안산대학,biz-gis.com
경기도,41,양평군,41830,349556,545524,아세아연합신학대학교,biz-gis.com
충청남도,44,보령시,44180,272810,423512,아주자동차대학,biz-gis.com
경상북도,47,안동시,47170,471354,438176,안동대학교,biz-gis.com
인천광역시,28,강화군,28710,263199,568767,안양대학교,biz-gis.com
경기도,41,여주군,41730,367858,518794,여주대학,biz-gis.com
강원도,42,원주시,42130,395344,527459,연세대학교(원주),biz-gis.com
경상남도,48,진주시,48170,409132,285076,연암공업대학,biz-gis.com
경상북도,47,경산시,47290,468640,359415,영남대학교,biz-gis.com
대구광역시,27,남구,27200,452805,361012,영남이공대학,biz-gis.com
경상남도,48,양산시,48330,504459,315001,영산대학교,biz-gis.com
전라남도,46,영광군,46870,258440,304094,영산선학대학교,biz-gis.com
전라북도,45,전주시 완산구,45111,321981,357650,예수대학교,biz-gis.com
경기도,41,오산시,41370,316770,506363,오산대학,biz-gis.com
전라북도,45,완주군,45710,315900,368419,우석대학교,biz-gis.com
대전광역시,30,동구,30110,350341,415258,우송정보대학,biz-gis.com
울산광역시,31,동구,31170,528639,322748,울산과학대학,biz-gis.com
울산광역시,31,남구,31140,514084,328020,울산대학교,biz-gis.com
전라북도,45,익산시,45140,305961,375096,원광디지털대학교,biz-gis.com
경기도,41,부천시 소사구,41197,295977,543438,유한대학,biz-gis.com
서울특별시,11,서대문구,11410,307152,551594,이화여자대학교,biz-gis.com
부산광역시,26,부산진구,26230,493198,283482,인제대학교,biz-gis.com
인천광역시,28,연수구,28185,280188,532108,인천가톨릭대학교,biz-gis.com
인천광역시,28,남구,28170,281410,539284,인하공업전문대학,biz-gis.com
경기도,41,화성시,41590,306666,512805,장안대학,biz-gis.com
서울특별시,11,종로구,11110,308896,552201,적십자간호대학,biz-gis.com
광주광역시,29,북구,29170,300429,286998,전남대학교,biz-gis.com
전라북도,45,정읍시,45180,296928,328324,전북과학대학,biz-gis.com
전라북도,45,전주시 완산구,45111,323854,356835,전주교육대학교,biz-gis.com
전라북도,45,전주시 완산구,45111,317990,356974,전주비전대학,biz-gis.com
제주특별자치도,50,제주시,50110,266521,96451,제주대학교,biz-gis.com
광주광역시,29,동구,29110,302582,282633,조선간호대학,biz-gis.com
광주광역시,29,동구,29110,302849,283154,조선대학교,biz-gis.com
충청남도,44,금산군,44710,350740,399299,중부대학교,biz-gis.com
경기도,41,안성시,41550,331652,489623,중앙대학교(안성),biz-gis.com
경기도,41,김포시,41570,285945,556610,중앙승가대학교,biz-gis.com
경상남도,48,진주시,48170,406341,287444,진주교육대학교,biz-gis.com
경상남도,48,창원시 마산회원구,48127,454825,294051,창신대학,biz-gis.com
경기도,41,이천시,41500,342918,511717,청강문화산업대학,biz-gis.com
전라남도,46,순천시,46150,353536,258769,청암대학,biz-gis.com
충청북도,43,청주시 상당구,43111,354942,450272,청주대학교,biz-gis.com
서울특별시,11,서대문구,11410,307735,551685,추계예술대학교,biz-gis.com
충청남도,44,청양군,44790,292754,426907,충남도립청양대학,biz-gis.com
충청북도,43,청주시 흥덕구,43113,351638,447704,충북대학교,biz-gis.com
충청북도,43,충주시,43130,388740,485308,충주대학교,biz-gis.com
경기도,41,용인시 기흥구,41463,322962,522926,칼빈대학교,biz-gis.com
경기도,41,평택시,41220,323051,488508,평택대학교,biz-gis.com
경상북도,47,포항시 북구,47113,527207,388179,포항대학,biz-gis.com
대전광역시,30,유성구,30200,343102,419331,한국과학기술원,biz-gis.com
충청북도,43,청원군,43710,342906,445536,한국교원대학교,biz-gis.com
충청남도,44,천안시 동남구,44131,336080,462834,한국기술교육대학교,biz-gis.com
경상북도,47,경산시,47290,466125,354136,한국복지사이버대학,biz-gis.com
경기도,41,시흥시,41390,287985,527229,한국산업기술대학교,biz-gis.com
서울특별시,11,노원구,11350,317637,561137,한국성서대학교,biz-gis.com
서울특별시,11,성북구,11290,316864,556285,한국예술종합학교,biz-gis.com
경기도,41,용인시 처인구,41461,335788,526638,한국외국어대학교(용인),biz-gis.com
경기도,41,평택시,41220,319694,494846,한국재활복지대학,biz-gis.com
경기도,41,광주시,41610,333615,532990,한국정보통신기능대학,biz-gis.com
서울특별시,11,송파구,11710,323390,546729,한국체육대학교,biz-gis.com
서울특별시,11,강서구,11500,297984,550443,한국폴리텍I대학서울강서캠퍼스,biz-gis.com
서울특별시,11,용산구,11170,311514,547909,한국폴리텍I대학서울정수캠퍼스,biz-gis.com
경기도,41,성남시 수정구,41131,325306,540020,한국폴리텍I대학성남캠퍼스,biz-gis.com
인천광역시,28,남구,28170,283133,541917,한국폴리텍II대학인천캠퍼스,biz-gis.com
강원도,42,춘천시,42110,380719,577441,한국폴리텍III대학춘천캠퍼스,biz-gis.com
대전광역시,30,동구,30110,351215,416832,한국폴리텍IV대학대전캠퍼스,biz-gis.com
충청남도,44,홍성군,44800,280010,443286,한국폴리텍IV대학홍성캠퍼스,biz-gis.com
전라북도,45,김제시,45210,304425,357205,한국폴리텍V대학김제캠퍼스,biz-gis.com
전라북도,45,익산시,45140,309225,372883,한국폴리텍V대학익산캠퍼스,biz-gis.com
경상북도,47,예천군,47900,433855,433855,한국폴리텍VI대학구미캠퍼스,biz-gis.com
부산광역시,26,북구,26320,493053,291572,한국폴리텍VII대학부산캠퍼스,biz-gis.com
경상남도,48,창원시 성산구,48123,461056,292234,한국폴리텍VII대학창원캠퍼스,biz-gis.com
전라남도,46,무안군,46840,256724,259415,한국폴리텍V대학목포캠퍼스,biz-gis.com
경기도,41,안성시,41550,326907,489959,한국폴리텍여자대학,biz-gis.com
부산광역시,26,영도구,26200,499672,275869,한국해양대학교,biz-gis.com
경상북도,47,포항시 북구,47113,525213,390092,한동대학교,biz-gis.com
전라남도,46,광양시,46230,360362,262103,한려대학교,biz-gis.com
강원도,42,춘천시,42110,378718,588413,한림성심대학,biz-gis.com
대전광역시,30,유성구,30200,337462,416947,한밭대학교,biz-gis.com
충청남도,44,서산시,44210,273668,455379,한서대학교,biz-gis.com
경기도,41,군포시,41410,307458,527572,한세대학교,biz-gis.com
경기도,41,안산시 상록구,41271,296942,522274,한양대학교(ERICA),biz-gis.com
서울특별시,11,성동구,11200,315786,550839,한양대학교,biz-gis.com
서울특별시,11,성동구,11200,316252,551115,한양여자대학,biz-gis.com
전라남도,46,여수시,46130,374053,239529,한영대학,biz-gis.com
강원도,42,동해시,42170,496362,545357,한중대학교,biz-gis.com
충청남도,44,홍성군,44800,280267,442943,혜전대학,biz-gis.com
충청남도,44,아산시,44200,317593,459864,호서대학교,biz-gis.com
충청남도,44,연기군,44730,336547,446822,홍익대학교(조치원),biz-gis.com
부산광역시,26,연제구,26470,500659,287994,화신사이버대학교,biz-gis.com
경상남도,48,남해군,48840,390833,248744,경남도립남해대학,biz-gis.com
대구광역시,27,북구,27230,455393,365734,경북대학교,biz-gis.com
경기도,41,성남시 수정구,41131,323119,539097,경원대학교,biz-gis.com
인천광역시,28,계양구,28245,287333,550374,경인여자대학,biz-gis.com
경기도,41,용인시 기흥구,41463,318471,516292,경희대학교(국제),biz-gis.com
서울특별시,11,종로구,11110,310719,554323,고려사이버대학교,biz-gis.com
전라남도,46,나주시,46170,296436,269280,광주가톨릭대학교,biz-gis.com
광주광역시,29,광산구,29200,295063,288558,광주보건대학,biz-gis.com
경기도,41,수원시 팔달구,41115,314006,519077,국제디지털대학교,biz-gis.com
충청남도,44,논산시,44230,327767,411938,금강대학교,biz-gis.com
경상북도,47,경산시,47290,469521,357085,대구미래대학,biz-gis.com
대전광역시,30,유성구,30200,343278,421323,대덕대학,biz-gis.com
대전광역시,30,동구,30110,351735,415081,대전대학교,biz-gis.com
경기도,41,포천시,41650,326092,585949,대진대학교,biz-gis.com
부산광역시,26,해운대구,26350,504635,293288,동부산대학,biz-gis.com
경상북도,47,영주시,47210,447552,475947,동양대학교,biz-gis.com
부산광역시,26,사하구,26380,491058,278855,동주대학,biz-gis.com
경기도,41,용인시 처인구,41461,328182,513676,명지대학교,biz-gis.com
서울특별시,11,서대문구,11410,305249,554112,명지전문대학,biz-gis.com
전라남도,46,목포시,46110,250536,244933,목포해양대학교,biz-gis.com
충청남도,44,천안시 동남구,44131,327358,471341,백석대학교,biz-gis.com
부산광역시,26,남구,26290,500814,282169,부경대학교,biz-gis.com
부산광역시,26,금정구,26410,498446,293242,부산대학교,biz-gis.com
경상남도,48,김해시,48250,478548,295663,부산장신대학교,biz-gis.com
서울특별시,11,동대문구,11230,317037,555430,사이버한국외국어대학교,biz-gis.com
서울특별시,11,마포구,11440,306584,550447,서강대학교,biz-gis.com
충청남도,44,아산시,44200,310465,459341,서남대학교,biz-gis.com
서울특별시,11,은평구,11380,304138,555942,서울기독대학교,biz-gis.com
경기도,41,부천시 소사구,41197,293092,542616,서울신학대학교,biz-gis.com
충청북도,43,청주시 흥덕구,43113,353935,447160,서원대학교,biz-gis.com
경상북도,47,포항시 북구,47113,520264,388697,선린대학,biz-gis.com
서울특별시,11,구로구,11530,296371,543456,성공회대학교,biz-gis.com
전라남도,46,강진군,46810,281707,233043,성화대학,biz-gis.com
강원도,42,횡성군,42730,400401,541075,송호대학,biz-gis.com
경기도,41,안산시 상록구,41271,300539,523629,안산대학,biz-gis.com
경기도,41,안양시 만안구,41171,304540,532707,안양대학교,biz-gis.com
경상북도,47,경산시,47290,473987,364886,영남신학대학교,biz-gis.com
대구광역시,27,북구,27230,456351,366396,영진사이버대학,biz-gis.com
전라북도,45,임실군,45750,334090,338830,예원예술대학교,biz-gis.com
대전광역시,30,동구,30110,351145,415126,우송대학교,biz-gis.com
전라북도,45,익산시,45140,305961,375096,원광보건대학,biz-gis.com
대전광역시,30,중구,30140,346812,414837,을지대학교,biz-gis.com
인천광역시,28,강화군,28710,263176,562822,인천가톨릭대학교,biz-gis.com
전라남도,46,담양군,46710,308430,303586,전남도립대학,biz-gis.com
전라북도,45,익산시,45140,306340,371894,전북대학교,biz-gis.com
서울특별시,11,강서구,11500,295390,550134,정석대학,biz-gis.com
제주특별자치도,50,제주시,50110,258447,98981,제주한라대학,biz-gis.com
서울특별시,11,동작구,11590,307947,545201,중앙대학교,biz-gis.com
경상남도,48,창원시 의창구,48121,463179,294276,창원대학교,biz-gis.com
충청북도,43,청주시 흥덕구,43113,354061,446184,청주교육대학교,biz-gis.com
서울특별시,11,동작구,11590,308808,543424,총신대학교,biz-gis.com
대전광역시,30,유성구,30200,339848,420812,침례신학대학교,biz-gis.com
강원도,42,횡성군,42730,406952,540585,한국골프대학,biz-gis.com
경기도,41,화성시,41590,307302,512890,협성대학교,biz-gis.com
광주광역시,29,남구,29155,300977,282893,호남신학대학교,biz-gis.com
경상북도,47,고령군,47830,423076,346393,가야대학교,biz-gis.com
인천광역시,28,연수구,28185,284070,536405,가천의과학대학교,biz-gis.com
서울특별시,11,서초구,11650,312243,544641,가톨릭대학교,biz-gis.com
경상북도,47,안동시,47170,466004,441250,가톨릭상지대학,biz-gis.com
경기도,41,용인시 기흥구,41463,323178,519644,강남대학교,biz-gis.com
강원도,42,강릉시,42150,476751,574544,강릉원주대학교,biz-gis.com
강원도,42,태백시,42190,486794,507060,강원관광대학,biz-gis.com
강원도,42,춘천시,42110,377707,585225,강원대학교,biz-gis.com
경상남도,48,거제시,48310,466554,250475,거제대학,biz-gis.com
경상북도,47,안동시,47170,473627,436509,건동대학교,biz-gis.com
경기도,41,시흥시,41390,288200,527041,경기과학기술대학,biz-gis.com
경기도,41,수원시 영통구,41117,314748,522514,경기대학교,biz-gis.com
경상남도,48,창원시 마산합포구,48125,450626,286987,경남대학교,biz-gis.com
부산광역시,26,사상구,26530,492420,283638,경남정보대학,biz-gis.com
경기도,41,포천시,41650,331905,594167,경복대학,biz-gis.com
경상북도,47,예천군,47900,440916,449080,경북도립대학,biz-gis.com
경상북도,47,경산시,47290,472429,367088,경산1대학,biz-gis.com
부산광역시,26,남구,26290,500298,282880,경성대학교,biz-gis.com
인천광역시,28,계양구,28245,286744,549224,경인교육대학교,biz-gis.com
경상북도,47,경산시,47290,472485,367807,경일대학교,biz-gis.com
서울특별시,11,동대문구,11230,316592,555316,경희사이버대학교,biz-gis.com
경기도,41,의왕시,41430,309922,531257,계원디자인예술대학,biz-gis.com
서울특별시,11,성북구,11290,314755,554488,고려대학교,biz-gis.com
충청남도,44,공주시,44150,321200,427367,공주교육대학교,biz-gis.com
충청남도,44,공주시,44150,329448,429332,공주영상대학,biz-gis.com
서울특별시,11,노원구,11350,317191,557906,광운대학교,biz-gis.com
광주광역시,29,북구,29170,302409,285639,광주교육대학교,biz-gis.com
광주광역시,29,광산구,29200,290647,285641,광주여자대학교,biz-gis.com
서울특별시,11,성북구,11290,311573,556990,국민대학교,biz-gis.com
전라북도,45,군산시,45130,281174,372788,군산대학교,biz-gis.com
전라북도,45,군산시,45130,290578,378457,군장대학,biz-gis.com
충청남도,44,천안시 동남구,44131,328750,466132,글로벌사이버대학교,biz-gis.com
경상북도,47,김천시,47150,407798,393096,김천과학대학,biz-gis.com
경기도,41,김포시,41570,272068,570752,김포대학,biz-gis.com
충청북도,43,청원군,43710,346514,435872,꽃동네대학교,biz-gis.com
광주광역시,29,광산구,29200,294712,290443,남부대학교,biz-gis.com
경기도,41,고양시 덕양구,41281,300852,562515,농협대학,biz-gis.com
경상북도,47,경산시,47290,474588,359805,대경대학,biz-gis.com
대구광역시,27,달서구,27290,449263,359628,대구공업대학,biz-gis.com
경상북도,47,경산시,47290,476681,367283,대구대학교,biz-gis.com
경상북도,47,경산시,47290,476681,367283,대구사이버대학교,biz-gis.com
경상북도,47,경산시,47290,465919,354122,대구외국어대학교,biz-gis.com
경기도,41,안양시 동안구,41173,305508,534059,대림대학,biz-gis.com
충청북도,43,제천시,43150,417292,508240,대원대학,biz-gis.com
대전광역시,30,동구,30110,351249,416695,대전보건대학,biz-gis.com
서울특별시,11,도봉구,11320,313452,561488,덕성여자대학교,biz-gis.com
서울특별시,11,중구,11140,311855,551129,동국대학교,biz-gis.com
부산광역시,26,남구,26290,500599,280989,동명대학교,biz-gis.com
경기도,41,성남시 수정구,41131,323045,540032,동서울대학,biz-gis.com
전라남도,46,영암군,46830,269147,237869,동아인재대학,biz-gis.com
강원도,42,속초시,42210,448562,621264,동우대학,biz-gis.com
부산광역시,26,부산진구,26230,497900,285738,동의과학대학,biz-gis.com
부산광역시,26,부산진구,26230,494477,282844,동의대학교,biz-gis.com
경상남도,48,창원시 마산회원구,48127,446055,295738,마산대학,biz-gis.com
서울특별시,11,서대문구,11410,305086,553651,명지대학교,biz-gis.com
전라남도,46,목포시,46110,255642,248740,목포가톨릭대학교,biz-gis.com
경상북도,47,문경시,47280,415549,450713,문경대학,biz-gis.com
서울특별시,11,종로구,11110,308979,553448,배화여자대학,biz-gis.com
전라북도,45,김제시,45210,302099,364233,벽성대학,biz-gis.com
부산광역시,26,연제구,26470,500307,287823,부산경상대학,biz-gis.com
부산광역시,26,연제구,26470,498128,289065,부산교육대학교,biz-gis.com
부산광역시,26,남구,26290,499051,283140,부산예술대학,biz-gis.com
경기도,41,부천시 원미구,41195,292204,543755,부천대학,biz-gis.com
서울특별시,11,동대문구,11230,317677,554483,삼육보건대학,biz-gis.com
강원도,42,원주시,42130,393880,529792,상지대학교,biz-gis.com
서울특별시,11,성북구,11290,313013,557410,서경대학교,biz-gis.com
경상북도,47,경주시,47130,507218,360602,서라벌대학,biz-gis.com
서울특별시,11,노원구,11350,318854,559425,서울과학기술대학교,biz-gis.com
서울특별시,11,마포구,11440,307218,549490,서울디지털대학교,biz-gis.com
서울특별시,11,서대문구,11410,307243,555546,서울여자간호대학,biz-gis.com
경기도,41,안산시 단원구,41273,297196,526379,서울예술대학,biz-gis.com
서울특별시,11,중랑구,11260,320528,554180,서일대학,biz-gis.com
전라북도,45,군산시,45130,283749,376196,서해대학,biz-gis.com
충청남도,44,천안시 동남구,44131,336614,466239,선교청대학교,biz-gis.com
경기도,41,안양시 만안구,41171,305320,531320,성결대학교,biz-gis.com
서울특별시,11,성북구,11290,313759,554898,성신여자대학교,biz-gis.com
충청북도,43,제천시,43150,417764,508786,세명대학교,biz-gis.com
광주광역시,29,남구,29155,297720,279686,송원대학,biz-gis.com
경기도,41,화성시,41590,309869,510505,수원과학대학,biz-gis.com
서울특별시,11,용산구,11170,308729,549812,숙명여자대학교,biz-gis.com
전라남도,46,순천시,46150,352716,263506,순천대학교,biz-gis.com
전라남도,46,순천시,46150,353165,259597,순천제일대학,biz-gis.com
서울특별시,11,중구,11140,310725,551021,숭의여자대학,biz-gis.com
경기도,41,성남시 중원구,41133,326592,538835,신구대학,biz-gis.com
충청남도,44,당진군,44830,274908,473278,신성대학,biz-gis.com
경기도,41,의정부시,41150,316089,567911,신흥대학,biz-gis.com
경기도,41,수원시 영통구,41117,315396,520602,아주대학교,biz-gis.com
경상북도,47,안동시,47170,458700,443398,안동과학대학,biz-gis.com
경기도,41,안양시 만안구,41171,303446,533299,안양과학대학,biz-gis.com
경상남도,48,양산시,48330,497160,305400,양산대학,biz-gis.com
서울특별시,11,종로구,11110,310597,553100,열린사이버대학교,biz-gis.com
경상북도,47,경산시,47290,466472,354286,영남외국어대학,biz-gis.com
경상남도,48,양산시,48330,504459,315001,영산대학교,biz-gis.com
대구광역시,27,북구,27230,456351,366396,영진전문대학,biz-gis.com
전라북도,45,전주시 덕진구,45113,324188,362359,예원예술대학교,biz-gis.com
경기도,41,용인시 처인구,41461,330789,514379,용인송담대학,biz-gis.com
울산광역시,31,울주군,31710,507985,331252,울산과학기술대학교,biz-gis.com
전라북도,45,익산시,45140,305961,375096,원광대학교,biz-gis.com
경상북도,47,경주시,47130,515857,379687,위덕대학교,biz-gis.com
경기도,41,성남시 수정구,41131,326327,540154,을지대학교,biz-gis.com
경상남도,48,김해시,48250,482353,294719,인제대학교,biz-gis.com
인천광역시,28,연수구,28185,279056,531211,인천대학교,biz-gis.com
인천광역시,28,남구,28170,281024,539468,인하대학교,biz-gis.com
인천광역시,28,동구,28140,280802,542360,재능대학,biz-gis.com
전라남도,46,곡성군,46720,321180,297700,전남과학대학,biz-gis.com
전라남도,46,여수시,46130,372596,241850,전남대학교,biz-gis.com
전라북도,45,전주시 덕진구,45113,321596,361173,전북대학교,biz-gis.com
전라북도,45,전주시 완산구,45111,317907,357508,전주대학교,biz-gis.com
제주특별자치도,50,제주시,50110,254640,95836,제주관광대학,biz-gis.com
제주특별자치도,50,제주시,50110,267313,94850,제주산업정보대학,biz-gis.com
광주광역시,29,동구,29110,302760,282882,조선이공대학,biz-gis.com
충청북도,43,괴산군,43760,382325,468651,중원대학교,biz-gis.com
경기도,41,포천시,41650,324314,584127,차의과학대학교,biz-gis.com
경상남도,48,창원시 의창구,48121,460313,293007,창원문성대학,biz-gis.com
충청남도,44,홍성군,44800,280384,443042,청운대학교,biz-gis.com
전라남도,46,무안군,46840,260796,265412,초당대학교,biz-gis.com
강원도,42,춘천시,42110,378089,584083,춘천교육대학교,biz-gis.com
울산광역시,31,울주군,31710,508791,318301,춘해보건대학,biz-gis.com
충청북도,43,옥천군,43730,361921,411222,충북도립대학,biz-gis.com
충청북도,43,청원군,43710,343719,446701,충청대학,biz-gis.com
제주특별자치도,50,서귀포시,50130,256981,77916,탐라대학교,biz-gis.com
경상북도,47,포항시 남구,47111,519144,380095,포항공과대학교,biz-gis.com
경기도,41,안성시,41550,334687,490215,한경대학교,biz-gis.com
경기도,41,이천시,41500,344940,520249,한국관광대학,biz-gis.com
경상남도,48,진주시,48170,418704,286132,한국국제대학교,biz-gis.com
경기도,41,화성시,41590,308558,514557,한국농수산대학,biz-gis.com
서울특별시,11,종로구,11110,310869,552941,한국사이버대학교,biz-gis.com
경상남도,48,거창군,48880,390808,341758,한국승강기대학,biz-gis.com
충청남도,44,부여군,44760,301161,412489,한국전통문화학교,biz-gis.com
경기도,41,의왕시,41430,307492,524159,한국철도대학,biz-gis.com
대구광역시,27,달서구,27290,445869,359798,한국폴리텍섬유패션대학,biz-gis.com
경상남도,48,사천시,48240,410011,261118,한국폴리텍항공대학,biz-gis.com
경기도,41,고양시 덕양구,41281,300020,555820,한국항공대학교,biz-gis.com
대전광역시,30,대덕구,30230,348317,417219,한남대학교,biz-gis.com
강원도,42,원주시,42130,392008,522339,한라대학교,biz-gis.com
강원도,42,춘천시,42110,377179,587131,한림대학교,biz-gis.com
충청남도,44,논산시,44230,331106,398596,한민학교,biz-gis.com
경기도,41,동두천시,41250,315466,589465,한북대학교,biz-gis.com
서울특별시,11,성북구,11290,312788,553740,한성대학교,biz-gis.com
경기도,41,오산시,41370,313485,510612,한신대학교,biz-gis.com
서울특별시,11,성동구,11200,315595,551124,한양사이버대학교,biz-gis.com
서울특별시,11,구로구,11530,298610,544440,한영신학대학교,biz-gis.com
전라북도,45,완주군,45710,328460,351763,한일장신대학교,biz-gis.com
대전광역시,30,서구,30170,344109,411641,혜천대학,biz-gis.com
광주광역시,29,광산구,29200,287909,284220,호남대학교,biz-gis.com
전라북도,45,군산시,45130,297800,374685,호원대학교,biz-gis.com
경기도,41,의정부시,41150,314209,571979,경민대학,biz-gis.com
대구광역시,27,북구,27230,450847,373366,경북외국어대학교,biz-gis.com
대구광역시,27,달서구,27290,444145,362079,계명대학교,biz-gis.com
강원도,42,강릉시,42150,477236,570640,관동대학교,biz-gis.com
경기도,41,과천시,41290,310540,537138,구세군사관학교,biz-gis.com
충청북도,43,음성군,43770,368444,502917,극동대학교,biz-gis.com
경상북도,47,칠곡군,47850,446064,381469,대구예술대학교,biz-gis.com
전라남도,46,영암군,46830,261424,239887,대불대학교,biz-gis.com
경기도,41,수원시 장안구,41111,310400,522309,동남보건대학,biz-gis.com
전라남도,46,나주시,46170,283237,273327,동신대학교,biz-gis.com
경기도,41,용인시 기흥구,41463,321537,518526,루터대학교,biz-gis.com
서울특별시,11,광진구,11215,318399,550238,세종대학교,biz-gis.com
경기도,41,수원시 권선구,41113,308234,517241,수원여자대학,biz-gis.com
서울특별시,11,서대문구,11410,306578,551935,연세대학교,biz-gis.com
충청북도,43,영동군,43740,382055,399323,영동대학교,biz-gis.com
경기도,41,용인시 처인구,41461,326376,514167,용인대학교,biz-gis.com
경기도,41,파주시,41480,288885,580295,웅지세무대학,biz-gis.com
서울특별시,11,노원구,11350,316788,559161,인덕대학,biz-gis.com
서울특별시,11,광진구,11215,320973,550152,장로회신학대학교,biz-gis.com
전라북도,45,전주시 완산구,45111,322134,357809,전주기전대학,biz-gis.com
충청북도,43,청원군,43710,360243,455843,주성대학,biz-gis.com
경상남도,48,진주시,48170,406246,288792,진주보건대학,biz-gis.com
충청남도,44,천안시 서북구,44133,324869,483031,천안연암대학,biz-gis.com
대전광역시,30,유성구,30200,341352,418990,충남대학교,biz-gis.com
서울특별시,11,종로구,11110,312176,553436,한국방송통신대학교,biz-gis.com
서울특별시,11,마포구,11440,305273,550374,홍익대학교,biz-gis.com
인천광역시,28,남구,28170,283115,541921,한국폴리텍II대학남인천캠퍼스,biz-gis.com
강원도,42,강릉시,42150,478642,570916,한국폴리텍III대학강릉캠퍼스,biz-gis.com
충청남도,44,아산시,44200,306444,463910,한국폴리텍IV대학아산캠퍼스,biz-gis.com
충청북도,43,청주시 흥덕구,43113,350908,448790,한국폴리텍IV대학청주캠퍼스,biz-gis.com
광주광역시,29,북구,29170,298142,287791,한국폴리텍V대학,biz-gis.com
대구광역시,27,서구,27170,450142,363818,한국폴리텍VI대학대구캠퍼스,biz-gis.com
울산광역시,31,중구,31110,522369,331957,한국폴리텍VII대학울산캠퍼스,biz-gis.com
충청남도,44,논산시,44230,312120,394375,한국폴리텍바이오대학,biz-gis.com
서울특별시,11,동대문구,11230,317037,555430,한국외국어대학교,biz-gis.com
